Employee_Name,EmpID,MarriedID,GenderID,State
"Brown, Mia",1103024456.0,1.0,0.0,MA
"LaRotonda, William  ",1106026572.0,0.0,1.0,MA
"Steans, Tyrone  ",1302053333.0,0.0,1.0,MA
"Singh, Nan ",1307059817.0,0.0,0.0,MA
"Carter, Michelle ",1403065721.0,0.0,0.0,VT
"Dietrich, Jenna  ",1408069481.0,0.0,0.0,WA
"Digitale, Alfred",1306059197.0,1.0,1.0,NH
"Friedman, Gerry",1204032843.0,0.0,1.0,NY
"Gonzales, Ricardo",1411071481.0,1.0,1.0,ID
"Leruth, Giovanni",1412071660.0,0.0,1.0,UT
"Mullaney, Howard",1306057978.0,0.0,1.0,AL
"Ozark, Travis",812011761.0,0.0,1.0,NC
"Strong, Caitrin",1411071295.0,1.0,0.0,MT
"Valentin,Jackie",1312063714.0,1.0,0.0,AZ
"Villanueva, Noah",1111030503.0,0.0,1.0,ME
"Buck, Edward",1504073313.0,1.0,1.0,MA
"Costa, Latia",1409070567.0,0.0,0.0,CA
"Fraval, Maruk ",1411071302.0,0.0,1.0,CT
"Givens, Myriam",1203032099.0,0.0,0.0,IN
Jeremy Prater,1001084890.0,1.0,1.0,NV
"Khemmich, Bartholemew",1104025008.0,0.0,1.0,CO
"Martins, Joseph",1209048771.0,0.0,1.0,TX
"McKinzie, Jac",1209049326.0,1.0,1.0,TX
"Nguyen, Dheepa",1111030684.0,0.0,0.0,GA
"Onque, Jasmine",1501072180.0,0.0,0.0,FL
"Potts, Xana",1102024106.0,1.0,0.0,KY
"Riordan, Michael",1502072711.0,0.0,1.0,ND
"Terry, Sharlene ",1401064637.0,0.0,0.0,OR
"Rachael, Maggie",1009919940.0,1.0,0.0,MA
"Smith, Jason",1009919980.0,0.0,1.0,MA
"Westinghouse, Matthew",1009919990.0,1.0,1.0,MA
"Hubert, Robert",1009920000.0,1.0,1.0,MA
"Champaigne, Brian",1009919920.0,1.0,1.0,MA
"Zamora, Jennifer",1112030816.0,0.0,0.0,MA
"Roper, Katie",1009919950.0,0.0,0.0,MA
"Horton, Jayne",1105025718.0,0.0,0.0,MA
"Johnson, Noelle ",1003018246.0,1.0,0.0,MA
"Murray, Thomas",1406068403.0,0.0,1.0,TX
"Petrowsky, Thelma",1108027853.0,1.0,0.0,MA
"Roby, Lori ",1407068885.0,1.0,0.0,MA
"Rogers, Ivan",1203032255.0,1.0,1.0,MA
"Simard, Kramer",808010278.0,1.0,1.0,MA
"Zhou, Julia",1110029732.0,0.0,0.0,MA
"Bramante, Elisa",1006020066.0,0.0,0.0,MA
"Houlihan, Debra",1009021646.0,1.0,0.0,RI
"Foss, Jason",1192991000.0,0.0,1.0,MA
"Roup,Simon",1106026933.0,0.0,1.0,MA
"Monroe, Peter",1011022863.0,1.0,1.0,MA
"Dougall, Eric",1101023754.0,0.0,1.0,MA
"Clayton, Rick",1301052902.0,0.0,1.0,MA
"Galia, Lisa",1501072093.0,0.0,0.0,CT
"Lindsay, Leonara ",602000312.0,0.0,0.0,CT
"Soto, Julia ",1203032263.0,1.0,0.0,MA
"Bacong, Alejandro ",1212052023.0,0.0,1.0,MA
"Cisco, Anthony",1102024173.0,1.0,1.0,MA
"Dolan, Linda",1101023540.0,1.0,0.0,MA
"Gonzalez, Maria",1988299991.0,0.0,0.0,MA
"Merlos, Carlos",1012023013.0,0.0,1.0,MA
"Morway, Tanya",1001956578.0,1.0,0.0,MA
"Shepard, Anita ",906014183.0,1.0,0.0,MA
"Turpin, Jumil",1411071506.0,1.0,1.0,MA
"King, Janet",1001495124.0,1.0,0.0,MA
"Albert, Michael  ",1501072311.0,0.0,1.0,MA
"Butler, Webster  L",1110029990.0,0.0,1.0,MA
"Dunn, Amy  ",1409070147.0,0.0,0.0,MA
"Gray, Elijiah  ",1307060077.0,0.0,1.0,MA
"Liebig, Ketsia",1103024679.0,1.0,0.0,MA
"Miller, Brannon",1107027351.0,0.0,1.0,MA
"Spirea, Kelley",1102024149.0,1.0,0.0,MA
"Stanley, David ",1000974650.0,0.0,1.0,MA
"Sullivan, Kissy ",1405067298.0,1.0,0.0,MA
"Anderson, Linda  ",1304055947.0,0.0,0.0,MA
"Bernstein, Sean",1109029366.0,0.0,1.0,MA
"Desimone, Carl ",1501072124.0,1.0,1.0,MA
"Fernandes, Nilson  ",1302053339.0,1.0,1.0,MA
"Girifalco, Evelyn",1204032927.0,0.0,0.0,MA
"Harrison, Kara",1404066622.0,1.0,0.0,MA
"Shields, Seffi",1205033102.0,1.0,0.0,MA
"Bachiochi, Linda",1212051409.0,0.0,0.0,MA
"Billis, Helen",1308060366.0,1.0,0.0,MA
"Clukey, Elijian",1407069280.0,1.0,1.0,MA
"DiNocco, Lily ",1209048696.0,1.0,0.0,MA
"Fidelia,  Libby",1006020020.0,1.0,0.0,MA
"Gonzalez, Cayo",1411071212.0,0.0,1.0,MA
"Ivey, Rose ",1408069882.0,0.0,0.0,MA
"Kretschmer, John",1311062610.0,1.0,1.0,MA
"Mangal, Debbie",1308060754.0,1.0,0.0,MA
"Ngodup, Shari ",1403066020.0,0.0,0.0,MA
"Robinson, Elias",1011022887.0,0.0,1.0,MA
"Sparks, Taylor  ",1410071137.0,1.0,0.0,MA
"Tippett, Jeanette",1409070255.0,0.0,0.0,MA
"Cockel, James",1599991009.0,0.0,1.0,MA
"Dobrin, Denisa  S",1202031618.0,0.0,0.0,MA
"Garcia, Raul",1309061015.0,0.0,1.0,MA
"Gordon, David",1106026579.0,1.0,1.0,MA
"Jackson, Maryellen",1201031438.0,0.0,0.0,MA
"Langton, Enrico",1304055987.0,1.0,1.0,MA
"Maurice, Shana",1401064327.0,1.0,0.0,MA
"Nguyen, Lei-Ming",1203032357.0,0.0,0.0,MA
"Pitt, Brad ",1001735072.0,0.0,1.0,MA
"Rose, Ashley  ",710007555.0,0.0,0.0,MA
"Trang, Mei",1012023152.0,0.0,0.0,MA
"Zima, Colleen",1211051232.0,0.0,0.0,MA
"Alagbe,Trina",1011022883.0,1.0,0.0,MA
"Beatrice, Courtney ",1403066194.0,0.0,0.0,MA
"Chan, Lin",1305057282.0,0.0,0.0,MA
"Darson, Jene'ya ",1001109612.0,1.0,0.0,MA
"Harrell, Ludwick",1406068241.0,1.0,1.0,MA
"Lydon, Allison",1101023353.0,1.0,0.0,MA
"Motlagh,  Dawn",1102024121.0,0.0,0.0,MA
"Sander, Kamrin",1302053362.0,1.0,0.0,MA
"Sutwell, Barbara",1407069061.0,0.0,0.0,MA
"Barone, Francesco  A",1101023679.0,0.0,1.0,MA
"Carey, Michael  ",1311063114.0,0.0,1.0,MA
"Cornett, Lisa ",1403066069.0,1.0,0.0,MA
"Engdahl, Jean",1007020403.0,0.0,1.0,MA
"England, Rex",1101023612.0,1.0,1.0,MA
"Gaul, Barbara",1105026041.0,0.0,0.0,MA
"Jhaveri, Sneha  ",1412071713.0,0.0,0.0,MA
"Osturnka, Adeel",1404066949.0,1.0,1.0,MA
"Punjabhi, Louis  ",1401064562.0,0.0,1.0,MA
"Saar-Beckles, Melinda",1410070998.0,0.0,0.0,MA
"Stoica, Rick",1106026896.0,1.0,1.0,MA
"Athwal, Sam",1301052124.0,0.0,1.0,MA
"Biden, Lowan  M",1412071844.0,0.0,0.0,MA
"Cierpiszewski, Caroline  ",1012023295.0,0.0,0.0,MA
"Dickinson, Geoff ",706006285.0,0.0,1.0,MA
"Ferreira, Violeta",803009012.0,0.0,0.0,MA
"Gold, Shenice  ",1408069539.0,0.0,0.0,MA
"Heitzman, Anthony",1002017900.0,0.0,1.0,MA
"Knapp, Bradley  J",1304055683.0,0.0,1.0,MA
"Mahoney, Lauren  ",1209049259.0,0.0,0.0,MA
"Newman, Richard ",1302053044.0,1.0,1.0,MA
"Peterson, Kayla ",1307059944.0,1.0,0.0,MA
"Smith, Sade",1501071909.0,0.0,0.0,MA
"Bugali, Josephine ",1408069635.0,0.0,0.0,MA
"Garneau, Hamish",1104025414.0,0.0,1.0,MA
"Goyal, Roxana",1312063675.0,1.0,0.0,MA
"Jacobi, Hannah  ",1503072857.0,0.0,0.0,MA
"Mckenna, Sandy",909015167.0,1.0,0.0,MA
"Stanford,Barbara  M",1111030244.0,0.0,0.0,MA
"Adinolfi, Wilson  K",1409070522.0,0.0,1.0,MA
"Chace, Beatrice ",1208048062.0,0.0,0.0,MA
"Crimmings,   Jean",1311063172.0,0.0,0.0,MA
"Gentry, Mildred",1501072192.0,1.0,0.0,MA
"Handschiegl, Joanne",1405067064.0,1.0,0.0,MA
"Keatts, Kramer ",1301052462.0,0.0,1.0,MA
"Medeiros, Jennifer",1109029256.0,0.0,0.0,MA
"Owad, Clinton",1103024335.0,0.0,1.0,MA
"Sullivan, Timothy",1201031310.0,1.0,1.0,MA
"Von Massenbach, Anna",1106026474.0,0.0,0.0,MA
"Burke, Joelle",1011022820.0,0.0,0.0,MA
"Johnston, Yen",1306057810.0,0.0,0.0,MA
"Petingill, Shana  ",1103024843.0,1.0,0.0,MA
"Good, Susan",1001549006.0,1.0,0.0,MA
"Monkfish, Erasumus",1404066711.0,1.0,1.0,MA
"Wolk, Hang  T",1205033180.0,0.0,0.0,MA
"Faller, Megan ",1108028428.0,1.0,0.0,MA
"Hunts, Julissa",1106026433.0,0.0,0.0,MA
"Lunquist, Lisa",1001504432.0,0.0,0.0,MA
"Nowlan, Kristie",1104025435.0,0.0,0.0,MA
"Smith, Joe",1001970770.0,0.0,1.0,MA
"Beak, Kimberly  ",1303054329.0,1.0,0.0,MA
"Hankard, Earnest",1307059937.0,0.0,1.0,MA
"Linden, Mathew",1405067565.0,1.0,1.0,MA
"Moran, Patrick",1408069503.0,0.0,1.0,MA
"Sahoo, Adil",1106026462.0,1.0,1.0,MA
"Burkett, Benjamin ",1301052449.0,1.0,1.0,MA
"Jeannite, Tayana",1008020942.0,0.0,0.0,MA
"McCarthy, Brigit",1406067957.0,0.0,0.0,MA
"Walker, Roger",1011022818.0,0.0,1.0,MA
"Davis, Daniel",1201031274.0,0.0,1.0,MA
"Gosciminski, Phylicia  ",1108028351.0,0.0,0.0,MA
"Monterro, Luisa",1001103149.0,0.0,0.0,MA
"Woodson, Jason",1012023010.0,0.0,1.0,MA
"Blount, Dianna",1403066125.0,0.0,0.0,MA
"Erilus, Angela",1105025661.0,0.0,0.0,MA
"Moumanil, Maliki ",1301052436.0,0.0,1.0,MA
"Daneault, Lynn",1402065303.0,0.0,0.0,VT
"Smith, John",1499902910.0,0.0,1.0,MA
"Le, Binh",1009919930.0,0.0,0.0,MA
"Navathe, Kurt",1009919960.0,0.0,1.0,MA
"Wang, Charlie",1009919970.0,0.0,1.0,MA
"LeBlanc, Brandon  R",1102024115.0,1.0,1.0,MA
"Andreola, Colby",1107027358.0,0.0,0.0,MA
"Carabbio, Judith",1101023577.0,0.0,0.0,MA
"Del Bosque, Keyla",1203032498.0,0.0,0.0,MA
"Martin, Sandra",1303054625.0,0.0,0.0,MA
"Saada, Adell",1012023185.0,1.0,0.0,MA
"Szabo, Andrew",1201031324.0,0.0,1.0,MA
"Sweetwater, Alex",1001644719.0,0.0,1.0,MA
"Foster-Baker, Amy",1201031308.0,1.0,0.0,MA
"Boutwell, Bonalyn",1307060188.0,1.0,0.0,MA
"Carr, Claudia  N",1010022337.0,0.0,0.0,MA
"Daniele, Ann  ",1411071312.0,1.0,0.0,CT
"Lajiri,  Jyoti",1108028108.0,1.0,1.0,MA
"Semizoglou, Jeremiah  ",904013591.0,1.0,1.0,MA
"South, Joe",1308060959.0,0.0,1.0,CT
"Warfield, Sarah",1301052347.0,0.0,0.0,MA