ID,REGION,DIVISION,STATE,FAMILY INCOME,HOUSEHOLD LANGUAGE,HOUSEHOLD INCOME,WORKERS IN FAMILY,PERSONS IN FAMILY
2009000089236,South,East South Central,1,Non-Family,English only,9.81,Non-Family,Non-Family
2009000311177,South,East South Central,1,10.44,English only,10.44,1,2
2009000426047,South,East South Central,1,Non-Family,English only,9.88,Non-Family,Non-Family
2009000448671,South,East South Central,1,Non-Family,English only,11.53,Non-Family,Non-Family
2009000523654,South,East South Central,1,Non-Family,English only,10.12,Non-Family,Non-Family
2009000742214,South,East South Central,1,12.37,English only,12.37,1,2
2009001335518,South,East South Central,1,11.15,English only,11.15,3+,3
2010000145521,South,East South Central,1,10.11,English only,10.11,0,4
2010000560424,South,East South Central,1,11.78,English only,11.78,2,3
2010000853150,South,East South Central,1,Non-Family,English only,11.69,Non-Family,Non-Family
2010001045405,South,East South Central,1,Non-Family,Non-Family,Non-Family,Non-Family,Non-Family
2011000477680,South,East South Central,1,9.38,English only,11.4,0,3
2011000659682,South,East South Central,1,Non-Family,Non-Family,Non-Family,Non-Family,Non-Family
2011000735997,South,East South Central,1,12.65,English only,12.65,1,2
2012000023613,South,East South Central,1,12.22,Other Non-English,12.22,1,2
2012000406273,South,East South Central,1,9.71,English only,9.71,0,4
2012000950243,South,East South Central,1,Non-Family,English only,9.83,Non-Family,Non-Family
2012001194372,South,East South Central,1,Non-Family,English only,10.21,Non-Family,Non-Family
2012001247410,South,East South Central,1,Non-Family,Non-Family,Non-Family,Non-Family,Non-Family
2013000385931,South,East South Central,1,Non-Family,Non-Family,Non-Family,Non-Family,Non-Family
2013000754626,South,East South Central,1,Non-Family,English only,0,Non-Family,Non-Family
2013000938302,South,East South Central,1,10.62,English only,10.9,2,2
2010000709910,West,Pacific,2,Non-Family,Non-Family,Non-Family,Non-Family,Non-Family
2011000809154,West,Pacific,2,9.85,Other Non-English,9.85,0,5
2012000139973,West,Pacific,2,Non-Family,English only,11.1,Non-Family,Non-Family
2009000272096,West,Mountain,4,Non-Family,Non-Family,Non-Family,Non-Family,Non-Family
2009000464351,West,Mountain,4,12.18,English only,12.18,1,6
2009000674253,West,Mountain,4,Non-Family,Other Non-English,11.87,Non-Family,Non-Family
2009001228662,West,Mountain,4,Non-Family,Non-Family,Non-Family,Non-Family,Non-Family
2010000577930,West,Mountain,4,12.92,English only,12.92,2,2
2010000920682,West,Mountain,4,11.29,Other Non-English,11.29,1,4
2010000993132,West,Mountain,4,11.13,English only,11.18,2,2
2010001287101,West,Mountain,4,Non-Family,English only,10.71,Non-Family,Non-Family
2011000117544,West,Mountain,4,10.58,English only,10.58,0,2
2011000560023,West,Mountain,4,12.11,English only,12.11,2,2
2011000615594,West,Mountain,4,Non-Family,English only,11.11,Non-Family,Non-Family
2011000930125,West,Mountain,4,Non-Family,Non-Family,Non-Family,Non-Family,Non-Family
2012000305692,West,Mountain,4,Non-Family,English only,10.69,Non-Family,Non-Family
2012000751903,West,Mountain,4,11.57,English only,11.57,0,2
2012001116118,West,Mountain,4,11.8,English only,11.8,1,4
2012001431375,West,Mountain,4,9.81,English only,9.81,2,4
2013000145612,West,Mountain,4,Non-Family,English only,10.54,Non-Family,Non-Family
2013000196018,West,Mountain,4,12.47,English only,12.47,3+,3
2013000501229,West,Mountain,4,Non-Family,English only,12.82,Non-Family,Non-Family
2013001077630,West,Mountain,4,Non-Family,Non-Family,Non-Family,Non-Family,Non-Family
2013001242982,West,Mountain,4,11.05,English only,11.07,2,2
2013001276229,West,Mountain,4,Non-Family,Non-Family,Non-Family,Non-Family,Non-Family
2013001279169,West,Mountain,4,Non-Family,Non-Family,Non-Family,Non-Family,Non-Family
2013001325629,West,Mountain,4,Non-Family,Non-Family,Non-Family,Non-Family,Non-Family
2009000138591,South,West South Central,5,11.29,English only,11.29,2,2
2009000234689,South,West South Central,5,11.03,English only,11.03,1,2
2009000736103,South,West South Central,5,Non-Family,Non-Family,Non-Family,Non-Family,Non-Family
2009001164727,South,West South Central,5,10.33,English only,10.33,2,2
2011000034575,South,West South Central,5,Non-Family,English only,11.8,Non-Family,Non-Family
2012000371696,South,West South Central,5,Non-Family,Non-Family,Non-Family,Non-Family,Non-Family
2012000699707,South,West South Central,5,Non-Family,English only,10.81,Non-Family,Non-Family
2013000894254,South,West South Central,5,Non-Family,English only,9.42,Non-Family,Non-Family
2013000947774,South,West South Central,5,11.09,English only,11.09,1,4
2013001400970,South,West South Central,5,Non-Family,English only,11.35,Non-Family,Non-Family
2009000050702,West,Pacific,6,Non-Family,English only,10.78,Non-Family,Non-Family
2009000052999,West,Pacific,6,Non-Family,Non-Family,Non-Family,Non-Family,Non-Family
2009000093986,West,Pacific,6,Non-Family,Other Non-English,0,Non-Family,Non-Family
2009000127731,West,Pacific,6,13.4,Other Non-English,13.4,1,2
2009000204532,West,Pacific,6,11.61,Other Non-English,11.61,2,3
2009000240181,West,Pacific,6,12.5,Other Non-English,12.5,1,6
2009000257636,West,Pacific,6,Non-Family,Non-Family,Non-Family,Non-Family,Non-Family
2009000396337,West,Pacific,6,Non-Family,Other Non-English,9.67,Non-Family,Non-Family
2009000539526,West,Pacific,6,11.42,English only,11.42,1,4
2009000573768,West,Pacific,6,10.75,Other Non-English,10.75,0,3
2009000633377,West,Pacific,6,Non-Family,English only,12.32,Non-Family,Non-Family
2009000685823,West,Pacific,6,Non-Family,English only,9.25,Non-Family,Non-Family
2009000788042,West,Pacific,6,13.03,Other Non-English,13.03,3+,5
2009000841498,West,Pacific,6,Non-Family,Non-Family,Non-Family,Non-Family,Non-Family
2009000880261,West,Pacific,6,12.62,Other Non-English,12.62,1,3
2009000882530,West,Pacific,6,11.23,English only,11.23,0,2
2009000907604,West,Pacific,6,12.05,English only,12.05,2,3
2009000939726,West,Pacific,6,12.5,English only,12.5,2,2
2009000950644,West,Pacific,6,12.32,English only,12.32,2,2
2009001075956,West,Pacific,6,10.75,Other Non-English,10.75,1,4
2009001140838,West,Pacific,6,Non-Family,Non-Family,Non-Family,Non-Family,Non-Family
2009001147802,West,Pacific,6,0,Other Non-English,0,0,4
2009001252347,West,Pacific,6,Non-Family,Non-Family,Non-Family,Non-Family,Non-Family
2009001379536,West,Pacific,6,Non-Family,English only,11.59,Non-Family,Non-Family
2009001386199,West,Pacific,6,Non-Family,Non-Family,Non-Family,Non-Family,Non-Family
2010000033026,West,Pacific,6,10.49,English only,10.49,0,2
2010000070396,West,Pacific,6,13.24,English only,13.24,1,3
2010000081788,West,Pacific,6,11.05,Other Non-English,11.05,2,7
2010000126011,West,Pacific,6,Non-Family,English only,10.11,Non-Family,Non-Family
2010000171705,West,Pacific,6,Non-Family,Other Non-English,11.35,Non-Family,Non-Family
2010000255658,West,Pacific,6,12.59,English only,12.59,2,5
2010000287215,West,Pacific,6,12.12,English only,12.12,2,2
2010000291864,West,Pacific,6,11.94,English only,11.94,1,2
2010000363420,West,Pacific,6,11.25,English only,11.25,0,2
2010000390308,West,Pacific,6,10.77,English only,10.77,2,3
2010000503986,West,Pacific,6,12.69,Other Non-English,12.69,2,2
2010000531302,West,Pacific,6,12.16,Other Non-English,12.16,2,2
2010000566354,West,Pacific,6,Non-Family,English only,13.27,Non-Family,Non-Family
2010000615452,West,Pacific,6,11.86,English only,11.86,1,4
2010000639129,West,Pacific,6,10.86,English only,10.86,0,2
2010000640301,West,Pacific,6,12.55,Other Non-English,12.55,3+,12
2010000708054,West,Pacific,6,13.48,English only,13.48,1,2
2010000820177,West,Pacific,6,Non-Family,English only,11.53,Non-Family,Non-Family
2010000904103,West,Pacific,6,Non-Family,English only,12.39,Non-Family,Non-Family
2010001086467,West,Pacific,6,Non-Family,English only,10.86,Non-Family,Non-Family
2010001143170,West,Pacific,6,12.63,English only,12.63,1,4
2010001213705,West,Pacific,6,12.84,English only,12.84,1,4
2010001276755,West,Pacific,6,11.46,Other Non-English,11.73,2,4
2010001283973,West,Pacific,6,Non-Family,Non-Family,Non-Family,Non-Family,Non-Family
2010001305717,West,Pacific,6,11.2,English only,11.2,2,2
2010001345132,West,Pacific,6,11.58,English only,11.58,2,3
2010001396542,West,Pacific,6,11.09,Other Non-English,11.09,1,6
2010001402014,West,Pacific,6,Non-Family,Other Non-English,13.02,Non-Family,Non-Family
2011000025453,West,Pacific,6,11.77,English only,11.77,0,2
2011000095242,West,Pacific,6,12.64,Other Non-English,12.64,2,3
2011000100792,West,Pacific,6,Non-Family,English only,0,Non-Family,Non-Family
2011000143691,West,Pacific,6,11.76,English only,11.76,0,2
2011000192343,West,Pacific,6,12.92,English only,12.92,3+,4
2011000277715,West,Pacific,6,10.72,Other Non-English,10.72,0,2
2011000288190,West,Pacific,6,Non-Family,English only,11.19,Non-Family,Non-Family
2011000414068,West,Pacific,6,12.35,Other Non-English,12.35,3+,4
2011000421562,West,Pacific,6,Non-Family,Non-Family,Non-Family,Non-Family,Non-Family
2011000469767,West,Pacific,6,Non-Family,English only,11.49,Non-Family,Non-Family
2011000485037,West,Pacific,6,Non-Family,English only,7.53,Non-Family,Non-Family
2011000486565,West,Pacific,6,12.16,English only,12.16,2,3
2011000538626,West,Pacific,6,Non-Family,Other Non-English,10.72,Non-Family,Non-Family
2011000618548,West,Pacific,6,10.13,Other Non-English,10.13,2,7
2011000648841,West,Pacific,6,Non-Family,English only,10.06,Non-Family,Non-Family
2011000661393,West,Pacific,6,Non-Family,Non-Family,Non-Family,Non-Family,Non-Family
2011000694250,West,Pacific,6,Non-Family,Non-Family,Non-Family,Non-Family,Non-Family
2011000694442,West,Pacific,6,10.42,English only,10.42,1,4
2011000714683,West,Pacific,6,Non-Family,Non-Family,Non-Family,Non-Family,Non-Family
2011000717815,West,Pacific,6,Non-Family,English only,10.19,Non-Family,Non-Family
2011000834162,West,Pacific,6,9.38,English only,9.38,0,3
2011000899871,West,Pacific,6,13.06,Other Non-English,13.06,0,2
2011000927015,West,Pacific,6,Non-Family,Other Non-English,10.74,Non-Family,Non-Family
2011000947617,West,Pacific,6,Non-Family,English only,12.87,Non-Family,Non-Family
2011000962318,West,Pacific,6,12.46,English only,12.46,2,2
2011000964339,West,Pacific,6,Non-Family,Non-Family,Non-Family,Non-Family,Non-Family
2011000968918,West,Pacific,6,Non-Family,English only,0,Non-Family,Non-Family
2011001059818,West,Pacific,6,Non-Family,English only,9.72,Non-Family,Non-Family
2011001081997,West,Pacific,6,10.92,Other Non-English,10.92,1,4
2011001137431,West,Pacific,6,13.61,Other Non-English,13.61,1,2
2011001150671,West,Pacific,6,11.43,English only,11.43,2,3
2011001208517,West,Pacific,6,12.28,English only,12.28,2,2
2011001232579,West,Pacific,6,10.44,Other Non-English,10.44,1,2
2011001270089,West,Pacific,6,12.41,English only,12.41,2,4
2011001312138,West,Pacific,6,12.99,Other Non-English,12.99,1,4
2011001344688,West,Pacific,6,12.45,English only,12.45,3+,3
2011001455941,West,Pacific,6,11.62,English only,11.62,0,2
2011001468475,West,Pacific,6,Non-Family,English only,10.49,Non-Family,Non-Family
2012000031233,West,Pacific,6,11.82,Other Non-English,11.82,2,2
2012000086919,West,Pacific,6,12.0,Other Non-English,12.0,3+,5
2012000102148,West,Pacific,6,9.7,Other Non-English,9.7,1,6
2012000102482,West,Pacific,6,Non-Family,Other Non-English,10.92,Non-Family,Non-Family
2012000108872,West,Pacific,6,10.48,Other Non-English,10.48,2,3
2012000169429,West,Pacific,6,Non-Family,Other Non-English,10.96,Non-Family,Non-Family
2012000175084,West,Pacific,6,12.83,Other Non-English,12.83,2,3
2012000178018,West,Pacific,6,12.31,Other Non-English,12.31,2,2
2012000299456,West,Pacific,6,11.77,English only,11.77,2,2
2012000334630,West,Pacific,6,Non-Family,English only,11.05,Non-Family,Non-Family
2012000354174,West,Pacific,6,12.08,English only,12.08,1,2
2012000381466,West,Pacific,6,Non-Family,English only,10.5,Non-Family,Non-Family
2012000449894,West,Pacific,6,Non-Family,English only,11.09,Non-Family,Non-Family
2012000499030,West,Pacific,6,13.49,English only,13.49,2,4
2012000552909,West,Pacific,6,10.15,English only,10.15,1,6
2012000621916,West,Pacific,6,11.29,Other Non-English,11.29,1,4
2012000622881,West,Pacific,6,9.75,English only,9.75,1,2
2012000676798,West,Pacific,6,13.23,English only,13.23,1,2
2012000775206,West,Pacific,6,11.29,English only,11.29,0,2
2012000905147,West,Pacific,6,11.03,Other Non-English,11.03,1,3
2012000945418,West,Pacific,6,Non-Family,Non-Family,Non-Family,Non-Family,Non-Family
2012000946605,West,Pacific,6,Non-Family,Non-Family,Non-Family,Non-Family,Non-Family
2012000985786,West,Pacific,6,13.03,English only,13.03,2,3
2012001000322,West,Pacific,6,Non-Family,English only,11.0,Non-Family,Non-Family
2012001345697,West,Pacific,6,11.79,English only,11.79,0,2
2012001406159,West,Pacific,6,11.8,English only,11.8,3+,3
2013000102990,West,Pacific,6,11.63,Other Non-English,11.63,2,4
2013000156435,West,Pacific,6,Non-Family,English only,9.1,Non-Family,Non-Family
2013000199522,West,Pacific,6,11.78,English only,12.13,1,2
2013000461364,West,Pacific,6,10.1,Other Non-English,10.1,0,3
2013000477937,West,Pacific,6,Non-Family,Non-Family,Non-Family,Non-Family,Non-Family
2013000519806,West,Pacific,6,Non-Family,Non-Family,Non-Family,Non-Family,Non-Family
2013000552741,West,Pacific,6,Non-Family,Other Non-English,11.62,Non-Family,Non-Family
2013000576507,West,Pacific,6,11.41,Other Non-English,11.41,2,3
2013000595917,West,Pacific,6,9.7,English only,10.66,2,3
2013000623047,West,Pacific,6,10.06,Other Non-English,10.06,2,4
2013000724614,West,Pacific,6,Non-Family,Other Non-English,10.06,Non-Family,Non-Family
2013000753847,West,Pacific,6,Non-Family,English only,11.25,Non-Family,Non-Family
2013000795625,West,Pacific,6,11.58,Other Non-English,11.58,2,3
2013000855579,West,Pacific,6,Non-Family,Other Non-English,10.84,Non-Family,Non-Family
2013000922119,West,Pacific,6,9.88,English only,9.88,1,4
2013000936334,West,Pacific,6,Non-Family,Non-Family,Non-Family,Non-Family,Non-Family
2013000983850,West,Pacific,6,Non-Family,Non-Family,Non-Family,Non-Family,Non-Family
2013000995273,West,Pacific,6,Non-Family,English only,10.94,Non-Family,Non-Family
2013001064345,West,Pacific,6,Non-Family,Other Non-English,11.44,Non-Family,Non-Family
2013001092864,West,Pacific,6,Non-Family,English only,10.92,Non-Family,Non-Family
2013001163709,West,Pacific,6,10.88,Other Non-English,10.88,1,5
2013001196580,West,Pacific,6,Non-Family,English only,10.57,Non-Family,Non-Family
2013001263762,West,Pacific,6,Non-Family,English only,10.08,Non-Family,Non-Family
2013001294840,West,Pacific,6,10.84,Other Non-English,10.84,3+,5
2013001315561,West,Pacific,6,Non-Family,English only,11.87,Non-Family,Non-Family
2013001400348,West,Pacific,6,11.87,Other Non-English,11.87,1,2
2013001430284,West,Pacific,6,Non-Family,Other Non-English,0,Non-Family,Non-Family
2013001432246,West,Pacific,6,Non-Family,English only,12.2,Non-Family,Non-Family
2009000198177,West,Mountain,8,Non-Family,English only,12.01,Non-Family,Non-Family
2009000376122,West,Mountain,8,12.08,English only,12.08,1,2
2009000475553,West,Mountain,8,11.85,English only,11.85,2,2
2009000879929,West,Mountain,8,Non-Family,English only,12.04,Non-Family,Non-Family
2009001327440,West,Mountain,8,Non-Family,English only,9.81,Non-Family,Non-Family
2010000076027,West,Mountain,8,11.95,English only,11.95,1,2
2010000207653,West,Mountain,8,11.51,English only,11.51,2,2
2010000300447,West,Mountain,8,12.7,English only,12.7,3+,3
2010001138405,West,Mountain,8,Non-Family,English only,11.45,Non-Family,Non-Family
2010001342464,West,Mountain,8,11.72,English only,11.72,0,2
2011000083210,West,Mountain,8,11.07,English only,11.07,2,2
2011000505147,West,Mountain,8,Non-Family,English only,9.41,Non-Family,Non-Family
2011001384274,West,Mountain,8,Non-Family,Non-Family,Non-Family,Non-Family,Non-Family
2011001480293,West,Mountain,8,Non-Family,English only,11.34,Non-Family,Non-Family
2012001074316,West,Mountain,8,12.23,English only,12.23,0,2
2013000138899,West,Mountain,8,12.15,English only,12.15,1,2
2013000621005,West,Mountain,8,Non-Family,English only,11.7,Non-Family,Non-Family
2009000506248,Northeast,New England,9,Non-Family,English only,11.42,Non-Family,Non-Family
2009000786139,Northeast,New England,9,13.03,English only,13.03,3+,6
2010000094788,Northeast,New England,9,Non-Family,Other Non-English,12.56,Non-Family,Non-Family
2010000253785,Northeast,New England,9,12.58,English only,12.58,2,4
2011000557304,Northeast,New England,9,13.37,English only,13.37,0,2
2012001430244,Northeast,New England,9,Non-Family,English only,11.62,Non-Family,Non-Family
2013000028066,Northeast,New England,9,Non-Family,Other Non-English,9.34,Non-Family,Non-Family
2013000551290,Northeast,New England,9,Non-Family,English only,10.7,Non-Family,Non-Family
2013000862491,Northeast,New England,9,10.9,Other Non-English,10.9,2,2
2013001390955,Northeast,New England,9,Non-Family,English only,8.85,Non-Family,Non-Family
2009000024405,South,South Atlantic,10,Non-Family,Other Non-English,11.05,Non-Family,Non-Family
2009001208535,South,South Atlantic,10,Non-Family,Non-Family,Non-Family,Non-Family,Non-Family
2012000326035,South,South Atlantic,10,Non-Family,Non-Family,Non-Family,Non-Family,Non-Family
2012001410005,South,South Atlantic,10,Non-Family,English only,11.33,Non-Family,Non-Family
2009000142149,South,South Atlantic,11,Non-Family,English only,12.11,Non-Family,Non-Family
2009000775513,South,South Atlantic,11,12.26,English only,12.26,1,2
2010000270232,South,South Atlantic,11,12.91,Other Non-English,12.91,2,2
2010000575969,South,South Atlantic,11,Non-Family,English only,11.49,Non-Family,Non-Family
2009000099147,South,South Atlantic,12,Non-Family,Non-Family,Non-Family,Non-Family,Non-Family
2009000129509,South,South Atlantic,12,12.83,English only,12.83,1,2
2009000234328,South,South Atlantic,12,Non-Family,English only,12.61,Non-Family,Non-Family
2009000344553,South,South Atlantic,12,12.5,Other Non-English,12.5,2,2
2009000448415,South,South Atlantic,12,Non-Family,English only,11.05,Non-Family,Non-Family
2009000519943,South,South Atlantic,12,12.08,English only,12.08,3+,4
2009000725879,South,South Atlantic,12,12.3,English only,12.3,1,2
2009000777267,South,South Atlantic,12,Non-Family,English only,11.56,Non-Family,Non-Family
2009001083209,South,South Atlantic,12,9.35,English only,9.35,2,2
2009001225687,South,South Atlantic,12,11.47,English only,11.47,0,2
2009001275105,South,South Atlantic,12,11.74,English only,11.74,1,2
2009001299052,South,South Atlantic,12,Non-Family,Non-Family,Non-Family,Non-Family,Non-Family
2010000027908,South,South Atlantic,12,12.11,English only,12.11,0,2
2010000028991,South,South Atlantic,12,12.43,English only,12.43,2,3
2010000146475,South,South Atlantic,12,10.9,English only,10.9,2,2
2010000153925,South,South Atlantic,12,12.76,Other Non-English,12.76,2,3
2010000278631,South,South Atlantic,12,Non-Family,Non-Family,Non-Family,Non-Family,Non-Family
2010000478016,South,South Atlantic,12,12.22,English only,12.22,2,2
2010000537628,South,South Atlantic,12,11.84,English only,11.84,2,2
2010000573365,South,South Atlantic,12,Non-Family,English only,12.13,Non-Family,Non-Family
2010000813377,South,South Atlantic,12,12.25,English only,12.25,2,3
2010000832896,South,South Atlantic,12,12.08,Other Non-English,12.08,1,4
2010000871872,South,South Atlantic,12,Non-Family,Other Non-English,11.69,Non-Family,Non-Family
2010000889151,South,South Atlantic,12,Non-Family,English only,13.09,Non-Family,Non-Family
2010000926436,South,South Atlantic,12,Non-Family,English only,7.8,Non-Family,Non-Family
2010001065804,South,South Atlantic,12,Non-Family,Other Non-English,13.19,Non-Family,Non-Family
2010001130560,South,South Atlantic,12,Non-Family,English only,10.65,Non-Family,Non-Family
2010001255041,South,South Atlantic,12,11.48,English only,11.48,0,2
2010001322122,South,South Atlantic,12,11.87,English only,11.87,0,2
2010001362649,South,South Atlantic,12,Non-Family,Other Non-English,11.57,Non-Family,Non-Family
2011000025688,South,South Atlantic,12,Non-Family,Non-Family,Non-Family,Non-Family,Non-Family
2011000439815,South,South Atlantic,12,12.03,Other Non-English,12.03,1,2
2011000444487,South,South Atlantic,12,Non-Family,Non-Family,Non-Family,Non-Family,Non-Family
2011000489172,South,South Atlantic,12,Non-Family,English only,10.44,Non-Family,Non-Family
2011000567848,South,South Atlantic,12,11.51,Other Non-English,11.51,2,3
2011000645965,South,South Atlantic,12,13.48,English only,13.48,0,2
2011000881694,South,South Atlantic,12,11.98,English only,11.98,2,3
2011000894502,South,South Atlantic,12,12.54,Other Non-English,12.54,2,5
2011000933276,South,South Atlantic,12,10.34,Other Non-English,10.74,0,2
2011001005924,South,South Atlantic,12,10.64,English only,10.64,1,5
2012000035316,South,South Atlantic,12,10.11,English only,10.11,1,2
2012000135333,South,South Atlantic,12,10.98,English only,10.98,2,3
2012000147139,South,South Atlantic,12,11.69,English only,11.69,2,2
2012000399889,South,South Atlantic,12,10.63,English only,10.63,0,2
2012000428280,South,South Atlantic,12,Non-Family,English only,7.35,Non-Family,Non-Family
2012000774242,South,South Atlantic,12,11.95,Other Non-English,11.95,1,2
2012001070949,South,South Atlantic,12,11.14,English only,11.14,1,2
2012001122450,South,South Atlantic,12,11.52,English only,11.52,2,2
2012001145033,South,South Atlantic,12,Non-Family,English only,10.76,Non-Family,Non-Family
2012001284676,South,South Atlantic,12,Non-Family,English only,9.21,Non-Family,Non-Family
2012001307987,South,South Atlantic,12,Non-Family,Non-Family,Non-Family,Non-Family,Non-Family
2012001448307,South,South Atlantic,12,10.6,Other Non-English,10.6,1,2
2012001461436,South,South Atlantic,12,Non-Family,Other Non-English,11.92,Non-Family,Non-Family
2013000122156,South,South Atlantic,12,9.93,Other Non-English,9.93,1,4
2013000251281,South,South Atlantic,12,12.79,Other Non-English,12.8,1,4
2013000317327,South,South Atlantic,12,Non-Family,Non-Family,Non-Family,Non-Family,Non-Family
2013000445861,South,South Atlantic,12,9.96,Other Non-English,9.96,1,2
2013000452231,South,South Atlantic,12,11.18,English only,11.18,0,2
2013000518838,South,South Atlantic,12,Non-Family,Non-Family,Non-Family,Non-Family,Non-Family
2013000743419,South,South Atlantic,12,Non-Family,Other Non-English,12.18,Non-Family,Non-Family
2013000872395,South,South Atlantic,12,Non-Family,English only,0,Non-Family,Non-Family
2013000941193,South,South Atlantic,12,11.55,English only,11.55,2,3
2013001015537,South,South Atlantic,12,Non-Family,Other Non-English,9.28,Non-Family,Non-Family
2013001098733,South,South Atlantic,12,Non-Family,English only,9.14,Non-Family,Non-Family
2013001108486,South,South Atlantic,12,9.47,English only,9.47,0,2
2013001163925,South,South Atlantic,12,10.6,English only,10.6,1,2
2013001182932,South,South Atlantic,12,10.66,English only,10.66,1,2
2013001295053,South,South Atlantic,12,Non-Family,Other Non-English,9.22,Non-Family,Non-Family
2013001299403,South,South Atlantic,12,Non-Family,English only,9.3,Non-Family,Non-Family
2013001403786,South,South Atlantic,12,Non-Family,English only,10.58,Non-Family,Non-Family
2013001423548,South,South Atlantic,12,Non-Family,English only,10.67,Non-Family,Non-Family
2013001475358,South,South Atlantic,12,11.19,English only,11.19,2,2
2013001484341,South,South Atlantic,12,10.32,Other Non-English,10.32,2,6
2009000314929,South,South Atlantic,13,10.44,Other Non-English,10.44,1,3
2009000489461,South,South Atlantic,13,9.73,English only,9.73,0,2
2009001162655,South,South Atlantic,13,9.77,English only,9.77,0,4
2009001168173,South,South Atlantic,13,12.71,English only,12.71,3+,3
2009001383396,South,South Atlantic,13,8.69,English only,8.69,0,2
2010000571343,South,South Atlantic,13,10.99,Other Non-English,10.99,2,3
2010000636681,South,South Atlantic,13,11.12,English only,11.12,0,2
2010000708812,South,South Atlantic,13,Non-Family,English only,10.42,Non-Family,Non-Family
2010000792220,South,South Atlantic,13,11.8,English only,11.8,2,3
2010001015468,South,South Atlantic,13,11.6,English only,11.6,2,2
2010001260797,South,South Atlantic,13,12.68,English only,12.68,2,4
2011000120185,South,South Atlantic,13,Non-Family,English only,Non-Family,Non-Family,Non-Family
2011000144323,South,South Atlantic,13,12.14,English only,12.14,2,5
2011000341530,South,South Atlantic,13,11.71,English only,11.71,1,2
2011000404216,South,South Atlantic,13,10.44,English only,10.44,1,4
2011000468625,South,South Atlantic,13,11.32,English only,11.32,2,2
2011000482076,South,South Atlantic,13,10.34,English only,10.34,0,2
2011000536546,South,South Atlantic,13,11.26,English only,11.26,1,3
2011000736268,South,South Atlantic,13,Non-Family,English only,10.97,Non-Family,Non-Family
2011000912378,South,South Atlantic,13,12.18,English only,12.18,2,2
2011000947899,South,South Atlantic,13,Non-Family,English only,11.4,Non-Family,Non-Family
2011000958744,South,South Atlantic,13,Non-Family,Non-Family,Non-Family,Non-Family,Non-Family
2011001401901,South,South Atlantic,13,11.79,English only,11.79,2,4
2011001406317,South,South Atlantic,13,11.74,English only,11.74,2,4
2012000385382,South,South Atlantic,13,Non-Family,English only,11.86,Non-Family,Non-Family
2012000934012,South,South Atlantic,13,11.97,English only,11.97,1,2
2013000228907,South,South Atlantic,13,10.18,English only,10.18,0,3
2013000453272,South,South Atlantic,13,Non-Family,Non-Family,Non-Family,Non-Family,Non-Family
2013000472182,South,South Atlantic,13,11.19,English only,11.19,1,2
2013000627633,South,South Atlantic,13,Non-Family,English only,9.12,Non-Family,Non-Family
2013000830852,South,South Atlantic,13,Non-Family,English only,6.96,Non-Family,Non-Family
2013001018020,South,South Atlantic,13,11.55,English only,11.55,2,4
2011000164871,West,Pacific,15,Non-Family,English only,10.23,Non-Family,Non-Family
2011000209977,West,Pacific,15,10.65,English only,10.65,1,2
2013000400906,West,Pacific,15,10.42,Other Non-English,10.42,1,2
2013000803610,West,Pacific,15,11.2,English only,11.2,0,2
2013001044781,West,Pacific,15,10.67,English only,11.37,2,2
2013001459964,West,Pacific,15,Non-Family,English only,10.9,Non-Family,Non-Family
2011000910420,West,Mountain,16,11.73,English only,11.73,2,2
2012000609976,West,Mountain,16,Non-Family,Non-Family,Non-Family,Non-Family,Non-Family
2013000024321,West,Mountain,16,Non-Family,Non-Family,Non-Family,Non-Family,Non-Family
2013000916965,West,Mountain,16,10.43,English only,10.43,0,2
2013001307098,West,Mountain,16,Non-Family,English only,10.36,Non-Family,Non-Family
2009000206050,Midwest,East North Central,17,Non-Family,Other Non-English,10.29,Non-Family,Non-Family
2009000300975,Midwest,East North Central,17,11.76,English only,11.76,0,2
2009000524447,Midwest,East North Central,17,12.5,English only,12.5,2,3
2009000637884,Midwest,East North Central,17,Non-Family,English only,10.35,Non-Family,Non-Family
2009000730479,Midwest,East North Central,17,Non-Family,Non-Family,Non-Family,Non-Family,Non-Family
2009000861278,Midwest,East North Central,17,Non-Family,Non-Family,Non-Family,Non-Family,Non-Family
2009000924458,Midwest,East North Central,17,12.69,Other Non-English,12.69,2,2
2009000927456,Midwest,East North Central,17,Non-Family,Non-Family,Non-Family,Non-Family,Non-Family
2009000935758,Midwest,East North Central,17,Non-Family,English only,13.1,Non-Family,Non-Family
2009001035749,Midwest,East North Central,17,12.38,English only,12.38,1,5
2009001094503,Midwest,East North Central,17,Non-Family,Other Non-English,9.64,Non-Family,Non-Family
2009001107284,Midwest,East North Central,17,13.42,English only,13.42,2,5
2009001154907,Midwest,East North Central,17,11.91,English only,12.25,1,2
2010000131746,Midwest,East North Central,17,Non-Family,English only,12.28,Non-Family,Non-Family
2010000607440,Midwest,East North Central,17,Non-Family,Non-Family,Non-Family,Non-Family,Non-Family
2010000609572,Midwest,East North Central,17,Non-Family,Non-Family,Non-Family,Non-Family,Non-Family
2010000673500,Midwest,East North Central,17,Non-Family,English only,13.83,Non-Family,Non-Family
2010000837183,Midwest,East North Central,17,12.25,English only,12.25,0,2
2010001058283,Midwest,East North Central,17,Non-Family,Non-Family,Non-Family,Non-Family,Non-Family
2010001097533,Midwest,East North Central,17,Non-Family,English only,11.9,Non-Family,Non-Family
2010001242835,Midwest,East North Central,17,Non-Family,English only,10.1,Non-Family,Non-Family
2010001273448,Midwest,East North Central,17,Non-Family,Non-Family,Non-Family,Non-Family,Non-Family
2011000148137,Midwest,East North Central,17,Non-Family,English only,10.64,Non-Family,Non-Family
2011000392867,Midwest,East North Central,17,Non-Family,Non-Family,Non-Family,Non-Family,Non-Family
2011000485509,Midwest,East North Central,17,Non-Family,English only,10.22,Non-Family,Non-Family
2011000615780,Midwest,East North Central,17,10.91,English only,10.91,0,2
2011000751181,Midwest,East North Central,17,11.3,English only,11.3,1,4
2011000797656,Midwest,East North Central,17,Non-Family,Non-Family,Non-Family,Non-Family,Non-Family
2011000855715,Midwest,East North Central,17,12.17,English only,12.17,3+,4
2011001332777,Midwest,East North Central,17,9.91,Other Non-English,11.28,1,5
2012000216850,Midwest,East North Central,17,Non-Family,Non-Family,Non-Family,Non-Family,Non-Family
2012000601330,Midwest,East North Central,17,8.42,English only,8.42,0,3
2012000632484,Midwest,East North Central,17,10.27,Other Non-English,10.27,0,2
2012000645431,Midwest,East North Central,17,Non-Family,English only,9.4,Non-Family,Non-Family
2012000652479,Midwest,East North Central,17,Non-Family,English only,5.78,Non-Family,Non-Family
2012000672836,Midwest,East North Central,17,12.42,English only,12.42,3+,4
2012000834344,Midwest,East North Central,17,Non-Family,Non-Family,Non-Family,Non-Family,Non-Family
2012001066436,Midwest,East North Central,17,10.97,Other Non-English,10.97,1,2
2012001236357,Midwest,East North Central,17,Non-Family,Non-Family,Non-Family,Non-Family,Non-Family
2013000061527,Midwest,East North Central,17,Non-Family,English only,10.68,Non-Family,Non-Family
2013000096290,Midwest,East North Central,17,9.5,Other Non-English,9.5,1,2
2013000241353,Midwest,East North Central,17,11.09,Other Non-English,11.09,3+,4
2013000535726,Midwest,East North Central,17,Non-Family,English only,10.39,Non-Family,Non-Family
2013000774321,Midwest,East North Central,17,11.59,Other Non-English,11.59,3+,3
2013000789805,Midwest,East North Central,17,10.68,English only,10.68,2,3
2013000878392,Midwest,East North Central,17,11.67,English only,11.67,2,2
2013001273691,Midwest,East North Central,17,11.84,Other Non-English,11.84,3+,4
2013001389416,Midwest,East North Central,17,10.53,Other Non-English,10.53,3+,5
2009000021130,Midwest,East North Central,18,11.98,Other Non-English,11.98,2,2
2009000089038,Midwest,East North Central,18,11.68,English only,11.68,2,2
2009001025430,Midwest,East North Central,18,11.02,English only,11.02,1,2
2009001164452,Midwest,East North Central,18,Non-Family,English only,11.88,Non-Family,Non-Family
2009001379618,Midwest,East North Central,18,12.18,English only,12.18,2,2
2010000215888,Midwest,East North Central,18,10.9,Other Non-English,10.9,1,2
2010000258328,Midwest,East North Central,18,Non-Family,English only,11.36,Non-Family,Non-Family
2010000616698,Midwest,East North Central,18,13.58,English only,13.58,1,2
2010000791187,Midwest,East North Central,18,Non-Family,Non-Family,Non-Family,Non-Family,Non-Family
2010001284178,Midwest,East North Central,18,Non-Family,English only,10.96,Non-Family,Non-Family
2011000765348,Midwest,East North Central,18,Non-Family,English only,9.91,Non-Family,Non-Family
2011000931673,Midwest,East North Central,18,Non-Family,Non-Family,Non-Family,Non-Family,Non-Family
2012000261472,Midwest,East North Central,18,11.56,English only,11.56,0,3
2012000263191,Midwest,East North Central,18,11.17,English only,11.17,0,2
2012000421823,Midwest,East North Central,18,Non-Family,English only,10.42,Non-Family,Non-Family
2012000572664,Midwest,East North Central,18,11.54,English only,11.54,2,5
2012000681454,Midwest,East North Central,18,Non-Family,Other Non-English,11.62,Non-Family,Non-Family
2012000706889,Midwest,East North Central,18,9.36,English only,9.36,1,5
2012001157129,Midwest,East North Central,18,13.08,English only,13.08,2,4
2012001425117,Midwest,East North Central,18,11.59,English only,11.59,2,2
2013000029471,Midwest,East North Central,18,Non-Family,Other Non-English,9.77,Non-Family,Non-Family
2013000211844,Midwest,East North Central,18,10.89,English only,10.89,3+,4
2013001045722,Midwest,East North Central,18,11.32,English only,11.32,2,4
2013001112627,Midwest,East North Central,18,11.16,English only,11.16,3+,3
2013001151887,Midwest,East North Central,18,Non-Family,Non-Family,Non-Family,Non-Family,Non-Family
2009000383425,Midwest,West North Central,19,11.27,English only,11.27,1,2
2009000506188,Midwest,West North Central,19,10.93,English only,10.93,2,2
2010000090383,Midwest,West North Central,19,Non-Family,English only,10.61,Non-Family,Non-Family
2010000212988,Midwest,West North Central,19,11.65,English only,11.65,1,4
2010000559911,Midwest,West North Central,19,12.64,English only,12.64,2,2
2010000699160,Midwest,West North Central,19,11.35,English only,11.35,1,2
2010000923966,Midwest,West North Central,19,11.77,Other Non-English,11.77,2,6
2011000304850,Midwest,West North Central,19,Non-Family,English only,10.65,Non-Family,Non-Family
2011000807128,Midwest,West North Central,19,Non-Family,Non-Family,Non-Family,Non-Family,Non-Family
2011001463470,Midwest,West North Central,19,13.28,English only,13.28,2,2
2012000554800,Midwest,West North Central,19,10.91,Other Non-English,10.91,2,3
2012000993733,Midwest,West North Central,19,Non-Family,Non-Family,Non-Family,Non-Family,Non-Family
2012001031632,Midwest,West North Central,19,Non-Family,Non-Family,Non-Family,Non-Family,Non-Family
2012001414040,Midwest,West North Central,19,12.82,English only,12.82,2,5
2009000425189,Midwest,West North Central,20,Non-Family,English only,10.99,Non-Family,Non-Family
2009001055137,Midwest,West North Central,20,11.94,English only,11.94,2,5
2010000827285,Midwest,West North Central,20,12.04,English only,12.73,2,2
2011000570075,Midwest,West North Central,20,13.55,English only,13.55,1,3
2012000251067,Midwest,West North Central,20,10.49,English only,10.49,1,2
2012000325187,Midwest,West North Central,20,11.18,English only,11.18,1,2
2012000954882,Midwest,West North Central,20,11.3,Other Non-English,11.3,2,2
2012001485195,Midwest,West North Central,20,Non-Family,English only,10.75,Non-Family,Non-Family
2013000037752,Midwest,West North Central,20,Non-Family,English only,9.91,Non-Family,Non-Family
2013000124756,Midwest,West North Central,20,12.72,English only,12.72,2,2
2013000922949,Midwest,West North Central,20,Non-Family,English only,9.14,Non-Family,Non-Family
2013001080961,Midwest,West North Central,20,Non-Family,English only,9.69,Non-Family,Non-Family
2013001211723,Midwest,West North Central,20,10.74,English only,10.74,2,4
2009000023408,South,East South Central,21,10.67,English only,10.67,2,4
2009001278600,South,East South Central,21,13.88,English only,13.88,2,2
2009001326898,South,East South Central,21,Non-Family,English only,13.13,Non-Family,Non-Family
2009001366119,South,East South Central,21,Non-Family,English only,10.44,Non-Family,Non-Family
2010000547055,South,East South Central,21,10.11,English only,10.11,0,2
2010001183164,South,East South Central,21,Non-Family,Non-Family,Non-Family,Non-Family,Non-Family
2010001205346,South,East South Central,21,11.03,English only,11.06,1,2
2011000233323,South,East South Central,21,11.57,English only,11.57,0,2
2011001317003,South,East South Central,21,Non-Family,English only,10.94,Non-Family,Non-Family
2011001319548,South,East South Central,21,Non-Family,English only,10.8,Non-Family,Non-Family
2011001385371,South,East South Central,21,11.72,Other Non-English,11.72,2,4
2012000067299,South,East South Central,21,Non-Family,English only,10.38,Non-Family,Non-Family
2012001447485,South,East South Central,21,11.34,English only,11.34,2,2
2013000374844,South,East South Central,21,Non-Family,Non-Family,Non-Family,Non-Family,Non-Family
2009000105952,South,West South Central,22,12.63,English only,12.63,2,2
2009000196774,South,West South Central,22,Non-Family,Non-Family,Non-Family,Non-Family,Non-Family
2009000651326,South,West South Central,22,Non-Family,Non-Family,Non-Family,Non-Family,Non-Family
2010000991896,South,West South Central,22,Non-Family,English only,11.87,Non-Family,Non-Family
2011000154142,South,West South Central,22,Non-Family,English only,10.54,Non-Family,Non-Family
2011000195003,South,West South Central,22,11.87,English only,11.87,1,2
2011000337461,South,West South Central,22,11.6,English only,11.6,1,2
2011001080622,South,West South Central,22,Non-Family,English only,9.99,Non-Family,Non-Family
2011001289174,South,West South Central,22,Non-Family,English only,9.54,Non-Family,Non-Family
2012000812881,South,West South Central,22,11.81,English only,11.81,1,5
2012000961726,South,West South Central,22,11.24,English only,11.24,1,5
2013000595563,South,West South Central,22,10.95,English only,10.95,1,2
2013000701114,South,West South Central,22,10.63,English only,10.8,2,2
2013000721419,South,West South Central,22,Non-Family,English only,10.68,Non-Family,Non-Family
2013000833551,South,West South Central,22,11.31,English only,11.31,1,4
2013001170502,South,West South Central,22,11.41,English only,11.41,2,3
2009000082076,Northeast,New England,23,12.55,English only,12.55,1,2
2009000787681,Northeast,New England,23,Non-Family,English only,10.24,Non-Family,Non-Family
2009000819384,Northeast,New England,23,Non-Family,Non-Family,Non-Family,Non-Family,Non-Family
2009000928037,Northeast,New England,23,Non-Family,Non-Family,Non-Family,Non-Family,Non-Family
2011000983450,Northeast,New England,23,12.09,English only,12.09,2,2
2012001090081,Northeast,New England,23,11.96,English only,11.96,2,2
2012001309807,Northeast,New England,23,Non-Family,English only,9.97,Non-Family,Non-Family
2013000901506,Northeast,New England,23,11.59,English only,11.59,2,2
2013001445105,Northeast,New England,23,10.6,English only,10.6,2,2
2009000161899,South,South Atlantic,24,10.64,English only,10.64,0,2
2009000717319,South,South Atlantic,24,11.25,English only,11.6,1,5
2009000807872,South,South Atlantic,24,Non-Family,Non-Family,Non-Family,Non-Family,Non-Family
2009001332224,South,South Atlantic,24,Non-Family,English only,11.15,Non-Family,Non-Family
2009001339376,South,South Atlantic,24,Non-Family,Other Non-English,10.39,Non-Family,Non-Family
2009001374572,South,South Atlantic,24,Non-Family,Non-Family,Non-Family,Non-Family,Non-Family
2010000172931,South,South Atlantic,24,10.78,English only,10.78,2,4
2010000197193,South,South Atlantic,24,11.79,English only,11.79,3+,3
2010000901376,South,South Atlantic,24,12.38,Other Non-English,12.38,2,3
2010001119224,South,South Atlantic,24,12.25,English only,12.25,0,2
2010001129546,South,South Atlantic,24,11.56,English only,11.56,2,2
2011000395587,South,South Atlantic,24,Non-Family,English only,12.05,Non-Family,Non-Family
2011000398340,South,South Atlantic,24,Non-Family,English only,9.59,Non-Family,Non-Family
2012000166492,South,South Atlantic,24,11.38,English only,11.38,2,4
2012000206101,South,South Atlantic,24,10.88,English only,10.88,0,2
2012000649304,South,South Atlantic,24,11.41,English only,11.41,2,4
2012000768152,South,South Atlantic,24,11.22,English only,11.22,1,3
2013000220238,South,South Atlantic,24,11.24,Other Non-English,11.24,1,2
2013000237313,South,South Atlantic,24,10.05,Other Non-English,10.05,1,4
2013001046668,South,South Atlantic,24,Non-Family,English only,10.32,Non-Family,Non-Family
2013001180723,South,South Atlantic,24,10.03,English only,10.03,1,3
2013001344704,South,South Atlantic,24,Non-Family,English only,10.96,Non-Family,Non-Family
2009000157065,Northeast,New England,25,12.39,English only,12.39,3+,4
2009000422477,Northeast,New England,25,12.79,English only,12.79,3+,3
2009000881313,Northeast,New England,25,Non-Family,English only,10.71,Non-Family,Non-Family
2009000989626,Northeast,New England,25,Non-Family,English only,10.49,Non-Family,Non-Family
2009000999014,Northeast,New England,25,11.89,Other Non-English,11.89,1,3
2009001158265,Northeast,New England,25,Non-Family,English only,10.95,Non-Family,Non-Family
2010000774004,Northeast,New England,25,12.07,English only,12.73,1,2
2010000940256,Northeast,New England,25,Non-Family,Other Non-English,10.94,Non-Family,Non-Family
2011000308413,Northeast,New England,25,Non-Family,English only,11.65,Non-Family,Non-Family
2011000374363,Northeast,New England,25,Non-Family,Non-Family,Non-Family,Non-Family,Non-Family
2011001089992,Northeast,New England,25,Non-Family,Non-Family,Non-Family,Non-Family,Non-Family
2011001143055,Northeast,New England,25,10.66,English only,10.66,1,2
2011001281294,Northeast,New England,25,Non-Family,Non-Family,Non-Family,Non-Family,Non-Family
2011001331003,Northeast,New England,25,9.71,Other Non-English,11.06,1,2
2011001500976,Northeast,New England,25,Non-Family,Non-Family,Non-Family,Non-Family,Non-Family
2012000512883,Northeast,New England,25,Non-Family,English only,12.47,Non-Family,Non-Family
2012001370375,Northeast,New England,25,Non-Family,English only,10.91,Non-Family,Non-Family
2013000391512,Northeast,New England,25,13.2,English only,13.2,1,5
2013000395489,Northeast,New England,25,12.34,English only,12.34,3+,5
2013001296188,Northeast,New England,25,Non-Family,Non-Family,Non-Family,Non-Family,Non-Family
2009000114065,Midwest,East North Central,26,10.73,English only,10.73,0,2
2009000359465,Midwest,East North Central,26,Non-Family,English only,8.86,Non-Family,Non-Family
2009000879590,Midwest,East North Central,26,Non-Family,English only,12.29,Non-Family,Non-Family
2009001195638,Midwest,East North Central,26,12.92,English only,12.92,2,3
2009001362972,Midwest,East North Central,26,12.08,English only,12.08,2,3
2010000098642,Midwest,East North Central,26,Non-Family,Non-Family,Non-Family,Non-Family,Non-Family
2010000513556,Midwest,East North Central,26,11.53,English only,11.53,2,3
2010000958838,Midwest,East North Central,26,Non-Family,Non-Family,Non-Family,Non-Family,Non-Family
2010001075494,Midwest,East North Central,26,8.93,English only,8.93,0,2
2010001363238,Midwest,East North Central,26,Non-Family,English only,9.98,Non-Family,Non-Family
2011000360110,Midwest,East North Central,26,Non-Family,English only,9.54,Non-Family,Non-Family
2011000422342,Midwest,East North Central,26,11.4,English only,11.4,1,2
2011000463577,Midwest,East North Central,26,12.1,English only,12.29,2,2
2011000469494,Midwest,East North Central,26,Non-Family,English only,10.41,Non-Family,Non-Family
2011000565852,Midwest,East North Central,26,Non-Family,English only,11.06,Non-Family,Non-Family
2011000581602,Midwest,East North Central,26,Non-Family,English only,9.45,Non-Family,Non-Family
2011000584180,Midwest,East North Central,26,10.5,English only,10.5,0,2
2011000702748,Midwest,East North Central,26,11.06,English only,11.06,0,2
2011000952670,Midwest,East North Central,26,11.62,English only,11.62,2,6
2011001029520,Midwest,East North Central,26,Non-Family,Non-Family,Non-Family,Non-Family,Non-Family
2011001356916,Midwest,East North Central,26,Non-Family,English only,12.03,Non-Family,Non-Family
2011001469209,Midwest,East North Central,26,Non-Family,Non-Family,Non-Family,Non-Family,Non-Family
2011001497485,Midwest,East North Central,26,10.6,English only,10.6,1,2
2012000078549,Midwest,East North Central,26,Non-Family,English only,10.49,Non-Family,Non-Family
2012000091347,Midwest,East North Central,26,10.67,Other Non-English,10.67,0,2
2012000128522,Midwest,East North Central,26,10.63,English only,10.63,0,2
2012000421264,Midwest,East North Central,26,Non-Family,Non-Family,Non-Family,Non-Family,Non-Family
2012000686088,Midwest,East North Central,26,11.45,English only,11.45,2,2
2012001178834,Midwest,East North Central,26,Non-Family,English only,7.62,Non-Family,Non-Family
2012001318220,Midwest,East North Central,26,Non-Family,Non-Family,Non-Family,Non-Family,Non-Family
2013000068913,Midwest,East North Central,26,9.67,English only,9.67,1,3
2013000503714,Midwest,East North Central,26,10.36,English only,11.04,1,4
2013000578007,Midwest,East North Central,26,Non-Family,English only,11.38,Non-Family,Non-Family
2013000638849,Midwest,East North Central,26,Non-Family,Non-Family,Non-Family,Non-Family,Non-Family
2013001106086,Midwest,East North Central,26,Non-Family,Non-Family,Non-Family,Non-Family,Non-Family
2013001265071,Midwest,East North Central,26,Non-Family,English only,10.96,Non-Family,Non-Family
2013001320936,Midwest,East North Central,26,Non-Family,English only,9.83,Non-Family,Non-Family
2009000076445,Midwest,West North Central,27,11.39,English only,12.27,2,3
2009000162111,Midwest,West North Central,27,Non-Family,English only,11.19,Non-Family,Non-Family
2009000336045,Midwest,West North Central,27,12.13,English only,12.13,2,2
2009000425171,Midwest,West North Central,27,11.99,English only,11.99,0,2
2009000767581,Midwest,West North Central,27,13.22,English only,13.22,2,2
2009000797536,Midwest,West North Central,27,12.01,English only,12.01,2,3
2009001070698,Midwest,West North Central,27,12.45,English only,12.45,1,2
2010000778527,Midwest,West North Central,27,11.26,English only,11.26,1,2
2010001181212,Midwest,West North Central,27,Non-Family,Non-Family,Non-Family,Non-Family,Non-Family
2010001246133,Midwest,West North Central,27,Non-Family,English only,10.08,Non-Family,Non-Family
2011000293599,Midwest,West North Central,27,Non-Family,English only,10.81,Non-Family,Non-Family
2011000618592,Midwest,West North Central,27,Non-Family,English only,10.21,Non-Family,Non-Family
2011000646763,Midwest,West North Central,27,12.16,English only,12.16,2,2
2011001142839,Midwest,West North Central,27,Non-Family,English only,9.97,Non-Family,Non-Family
2011001240818,Midwest,West North Central,27,Non-Family,English only,11.64,Non-Family,Non-Family
2011001466700,Midwest,West North Central,27,11.79,English only,11.79,2,2
2012000086802,Midwest,West North Central,27,10.57,English only,10.57,0,2
2012000217465,Midwest,West North Central,27,11.13,English only,11.13,0,2
2012000661193,Midwest,West North Central,27,Non-Family,Non-Family,Non-Family,Non-Family,Non-Family
2012000797527,Midwest,West North Central,27,Non-Family,Non-Family,Non-Family,Non-Family,Non-Family
2012001121808,Midwest,West North Central,27,11.93,English only,11.93,3+,5
2013000038740,Midwest,West North Central,27,Non-Family,English only,7.84,Non-Family,Non-Family
2013000914012,Midwest,West North Central,27,11.97,English only,11.97,2,4
2013001309685,Midwest,West North Central,27,Non-Family,English only,11.38,Non-Family,Non-Family
2013001331175,Midwest,West North Central,27,Non-Family,English only,11.94,Non-Family,Non-Family
2009000130539,South,East South Central,28,11.68,Other Non-English,11.68,2,4
2009000398874,South,East South Central,28,10.85,English only,10.85,1,3
2009000544494,South,East South Central,28,Non-Family,Non-Family,Non-Family,Non-Family,Non-Family
2010000591044,South,East South Central,28,9.5,English only,11.28,1,2
2010000675564,South,East South Central,28,10.76,English only,10.76,2,2
2010000898437,South,East South Central,28,10.98,English only,10.98,1,2
2010000961630,South,East South Central,28,11.32,English only,11.32,1,2
2011000043828,South,East South Central,28,11.53,English only,11.53,2,3
2011000087663,South,East South Central,28,Non-Family,Non-Family,Non-Family,Non-Family,Non-Family
2011000434702,South,East South Central,28,12.21,English only,12.21,1,2
2011000748268,South,East South Central,28,10.13,English only,10.13,2,2
2011000815879,South,East South Central,28,0,English only,0,0,2
2012000063345,South,East South Central,28,11.37,English only,11.37,2,4
2012000884089,South,East South Central,28,Non-Family,English only,11.09,Non-Family,Non-Family
2012000904998,South,East South Central,28,11.69,English only,11.69,2,5
2013000741992,South,East South Central,28,Non-Family,Non-Family,Non-Family,Non-Family,Non-Family
2013000889497,South,East South Central,28,10.85,English only,10.85,2,5
2009000010093,Midwest,West North Central,29,Non-Family,Non-Family,Non-Family,Non-Family,Non-Family
2009000716362,Midwest,West North Central,29,12.42,English only,12.42,3+,3
2009000857293,Midwest,West North Central,29,11.65,English only,11.65,2,2
2009001010224,Midwest,West North Central,29,11.49,English only,11.49,2,2
2009001220248,Midwest,West North Central,29,11.56,English only,11.56,2,2
2010000231571,Midwest,West North Central,29,Non-Family,Non-Family,Non-Family,Non-Family,Non-Family
2010001071265,Midwest,West North Central,29,Non-Family,English only,12.06,Non-Family,Non-Family
2010001276769,Midwest,West North Central,29,Non-Family,English only,10.62,Non-Family,Non-Family
2011001081249,Midwest,West North Central,29,11.67,English only,11.67,2,3
2011001090127,Midwest,West North Central,29,13.04,Other Non-English,13.04,3+,3
2011001098903,Midwest,West North Central,29,Non-Family,Non-Family,Non-Family,Non-Family,Non-Family
2011001118504,Midwest,West North Central,29,Non-Family,Non-Family,Non-Family,Non-Family,Non-Family
2012000041861,Midwest,West North Central,29,Non-Family,Non-Family,Non-Family,Non-Family,Non-Family
2012000277982,Midwest,West North Central,29,10.25,English only,10.25,2,2
2012000476924,Midwest,West North Central,29,11.84,English only,11.84,2,2
2012000517958,Midwest,West North Central,29,Non-Family,English only,11.98,Non-Family,Non-Family
2012000807349,Midwest,West North Central,29,11.53,English only,11.53,3+,3
2012000807723,Midwest,West North Central,29,Non-Family,English only,10.2,Non-Family,Non-Family
2012000807933,Midwest,West North Central,29,11.43,English only,11.43,2,2
2012000961709,Midwest,West North Central,29,12.43,English only,12.43,1,2
2012001230952,Midwest,West North Central,29,11.83,English only,11.83,3+,5
2013000258587,Midwest,West North Central,29,Non-Family,Non-Family,Non-Family,Non-Family,Non-Family
2013000390732,Midwest,West North Central,29,9.45,English only,9.45,1,6
2013000612779,Midwest,West North Central,29,10.68,English only,11.09,2,2
2013001365213,Midwest,West North Central,29,Non-Family,Non-Family,Non-Family,Non-Family,Non-Family
2009001374228,West,Mountain,30,Non-Family,Non-Family,Non-Family,Non-Family,Non-Family
2010001008931,West,Mountain,30,12.28,English only,12.28,2,2
2011000884802,West,Mountain,30,Non-Family,English only,11.06,Non-Family,Non-Family
2012000131583,West,Mountain,30,11.75,English only,11.75,1,2
2009000783384,Midwest,West North Central,31,11.06,English only,11.06,0,2
2010000840488,Midwest,West North Central,31,11.96,English only,11.96,2,2
2010000949330,Midwest,West North Central,31,Non-Family,English only,9.95,Non-Family,Non-Family
2011000442614,Midwest,West North Central,31,Non-Family,English only,10.88,Non-Family,Non-Family
2011001104802,Midwest,West North Central,31,11.69,English only,11.69,2,4
2011001195192,Midwest,West North Central,31,12.29,English only,12.29,2,2
2011001285274,Midwest,West North Central,31,Non-Family,English only,10.59,Non-Family,Non-Family
2012000310591,Midwest,West North Central,31,Non-Family,English only,10.87,Non-Family,Non-Family
2012000638319,Midwest,West North Central,31,Non-Family,Non-Family,Non-Family,Non-Family,Non-Family
2013000649187,Midwest,West North Central,31,11.6,English only,11.6,1,2
2009001292552,West,Mountain,32,12.84,English only,12.84,2,2
2010000208579,West,Mountain,32,Non-Family,Non-Family,Non-Family,Non-Family,Non-Family
2010000924048,West,Mountain,32,12.33,English only,12.33,3+,4
2010001007005,West,Mountain,32,11.84,Other Non-English,11.84,1,7
2010001383461,West,Mountain,32,Non-Family,English only,11.02,Non-Family,Non-Family
2011000985028,West,Mountain,32,10.07,English only,10.07,0,2
2012000131563,West,Mountain,32,Non-Family,English only,9.76,Non-Family,Non-Family
2012000830013,West,Mountain,32,Non-Family,English only,11.05,Non-Family,Non-Family
2013001128020,West,Mountain,32,12.91,Other Non-English,12.91,1,2
2009001068495,Northeast,New England,33,Non-Family,English only,12.45,Non-Family,Non-Family
2010000635402,Northeast,New England,33,Non-Family,Other Non-English,12.13,Non-Family,Non-Family
2010001112709,Northeast,New England,33,Non-Family,Non-Family,Non-Family,Non-Family,Non-Family
2011000392765,Northeast,New England,33,11.87,English only,11.87,0,2
2011000932236,Northeast,New England,33,11.34,English only,11.34,2,2
2011001263954,Northeast,New England,33,10.17,English only,10.17,0,2
2013000087733,Northeast,New England,33,10.9,English only,11.44,1,4
2013000315410,Northeast,New England,33,10.6,English only,10.6,2,4
2013000547431,Northeast,New England,33,10.94,English only,10.94,1,2
2013001131140,Northeast,New England,33,Non-Family,English only,10.42,Non-Family,Non-Family
2009000386730,Northeast,Middle Atlantic,34,Non-Family,Non-Family,Non-Family,Non-Family,Non-Family
2009000406076,Northeast,Middle Atlantic,34,Non-Family,Non-Family,Non-Family,Non-Family,Non-Family
2009000415187,Northeast,Middle Atlantic,34,Non-Family,English only,11.33,Non-Family,Non-Family
2009000657991,Northeast,Middle Atlantic,34,Non-Family,Other Non-English,10.75,Non-Family,Non-Family
2009000794520,Northeast,Middle Atlantic,34,Non-Family,Non-Family,Non-Family,Non-Family,Non-Family
2009001112700,Northeast,Middle Atlantic,34,14.26,English only,14.26,2,2
2010000294674,Northeast,Middle Atlantic,34,11.35,English only,11.35,0,2
2010000531904,Northeast,Middle Atlantic,34,10.35,English only,10.35,2,7
2010000705549,Northeast,Middle Atlantic,34,Non-Family,Other Non-English,13.52,Non-Family,Non-Family
2010000893244,Northeast,Middle Atlantic,34,11.43,English only,11.43,2,2
2010001142481,Northeast,Middle Atlantic,34,12.99,English only,12.99,3+,4
2010001256691,Northeast,Middle Atlantic,34,13.63,Other Non-English,13.63,2,5
2011000147019,Northeast,Middle Atlantic,34,11.84,English only,11.84,2,2
2011000680003,Northeast,Middle Atlantic,34,Non-Family,English only,10.25,Non-Family,Non-Family
2011001058552,Northeast,Middle Atlantic,34,Non-Family,English only,10.44,Non-Family,Non-Family
2011001135856,Northeast,Middle Atlantic,34,10.37,Other Non-English,11.22,1,4
2011001460414,Northeast,Middle Atlantic,34,Non-Family,Other Non-English,12.91,Non-Family,Non-Family
2012000248718,Northeast,Middle Atlantic,34,Non-Family,English only,11.31,Non-Family,Non-Family
2012000530208,Northeast,Middle Atlantic,34,12.15,Other Non-English,12.15,1,4
2012000791584,Northeast,Middle Atlantic,34,12.31,English only,12.31,2,4
2012001083992,Northeast,Middle Atlantic,34,12.24,English only,12.24,2,4
2012001146750,Northeast,Middle Atlantic,34,Non-Family,Non-Family,Non-Family,Non-Family,Non-Family
2012001264655,Northeast,Middle Atlantic,34,11.09,English only,11.09,2,4
2012001382800,Northeast,Middle Atlantic,34,11.1,English only,11.66,2,3
2013000505699,Northeast,Middle Atlantic,34,11.42,English only,11.42,3+,3
2013000750536,Northeast,Middle Atlantic,34,Non-Family,Other Non-English,10.28,Non-Family,Non-Family
2013001003194,Northeast,Middle Atlantic,34,Non-Family,Non-Family,Non-Family,Non-Family,Non-Family
2013001098170,Northeast,Middle Atlantic,34,0,Other Non-English,9.28,0,2
2013001291185,Northeast,Middle Atlantic,34,11.85,English only,11.85,2,3
2009000059479,West,Mountain,35,Non-Family,Non-Family,Non-Family,Non-Family,Non-Family
2009000162927,West,Mountain,35,11.91,English only,11.91,1,5
2009000319121,West,Mountain,35,12.69,English only,12.69,2,2
2009001063569,West,Mountain,35,Non-Family,Non-Family,Non-Family,Non-Family,Non-Family
2010000939610,West,Mountain,35,11.38,Other Non-English,11.38,2,5
2010001070971,West,Mountain,35,Non-Family,English only,10.06,Non-Family,Non-Family
2010001288249,West,Mountain,35,11.12,English only,11.12,1,2
2011001273770,West,Mountain,35,10.92,Other Non-English,10.92,1,8
2013000201809,West,Mountain,35,9.98,English only,9.98,1,2
2013000470518,West,Mountain,35,Non-Family,English only,11.03,Non-Family,Non-Family
2013000573462,West,Mountain,35,11.6,Other Non-English,11.6,2,6
2009000256818,Northeast,Middle Atlantic,36,Non-Family,English only,12.58,Non-Family,Non-Family
2009000282804,Northeast,Middle Atlantic,36,12.24,Other Non-English,12.24,3+,3
2009000316197,Northeast,Middle Atlantic,36,12.4,English only,12.4,3+,3
2009000481890,Northeast,Middle Atlantic,36,13.13,English only,13.13,2,4
2009000653402,Northeast,Middle Atlantic,36,10.94,English only,10.94,0,2
2009000783529,Northeast,Middle Atlantic,36,12.41,English only,12.41,2,2
2009000792842,Northeast,Middle Atlantic,36,Non-Family,English only,11.65,Non-Family,Non-Family
2009000829156,Northeast,Middle Atlantic,36,Non-Family,Non-Family,Non-Family,Non-Family,Non-Family
2009000936361,Northeast,Middle Atlantic,36,Non-Family,English only,13.48,Non-Family,Non-Family
2009000950258,Northeast,Middle Atlantic,36,11.64,English only,11.64,2,2
2009001186558,Northeast,Middle Atlantic,36,11.86,English only,11.86,2,2
2009001242827,Northeast,Middle Atlantic,36,11.42,English only,11.42,2,2
2009001352385,Northeast,Middle Atlantic,36,12.36,English only,12.36,2,2
2009001371534,Northeast,Middle Atlantic,36,10.25,English only,10.25,1,3
2010000273185,Northeast,Middle Atlantic,36,Non-Family,Non-Family,Non-Family,Non-Family,Non-Family
2010000401885,Northeast,Middle Atlantic,36,10.76,English only,10.76,0,2
2010000917973,Northeast,Middle Atlantic,36,Non-Family,English only,11.76,Non-Family,Non-Family
2010001023575,Northeast,Middle Atlantic,36,12.54,English only,12.54,2,4
2010001269904,Northeast,Middle Atlantic,36,Non-Family,Non-Family,Non-Family,Non-Family,Non-Family
2010001305105,Northeast,Middle Atlantic,36,Non-Family,English only,10.84,Non-Family,Non-Family
2010001327003,Northeast,Middle Atlantic,36,10.45,Other Non-English,10.45,2,3
2010001349669,Northeast,Middle Atlantic,36,10.94,English only,10.94,2,3
2011000057386,Northeast,Middle Atlantic,36,12.3,English only,12.3,2,3
2011000058244,Northeast,Middle Atlantic,36,Non-Family,Non-Family,Non-Family,Non-Family,Non-Family
2011000168631,Northeast,Middle Atlantic,36,12.32,English only,12.32,2,2
2011000293038,Northeast,Middle Atlantic,36,11.6,English only,11.6,1,3
2011000388712,Northeast,Middle Atlantic,36,11.66,English only,11.66,3+,3
2011000412448,Northeast,Middle Atlantic,36,11.73,English only,11.73,3+,5
2011000500014,Northeast,Middle Atlantic,36,Non-Family,Non-Family,Non-Family,Non-Family,Non-Family
2011000512831,Northeast,Middle Atlantic,36,Non-Family,Non-Family,Non-Family,Non-Family,Non-Family
2011000608103,Northeast,Middle Atlantic,36,Non-Family,English only,9.6,Non-Family,Non-Family
2011000695547,Northeast,Middle Atlantic,36,Non-Family,Non-Family,Non-Family,Non-Family,Non-Family
2011000738719,Northeast,Middle Atlantic,36,Non-Family,Non-Family,Non-Family,Non-Family,Non-Family
2011000774306,Northeast,Middle Atlantic,36,11.15,Other Non-English,11.15,2,2
2011000871114,Northeast,Middle Atlantic,36,14.48,Other Non-English,14.48,3+,8
2011000914103,Northeast,Middle Atlantic,36,12.55,English only,12.55,2,2
2011001083619,Northeast,Middle Atlantic,36,11.64,English only,11.64,1,2
2011001281502,Northeast,Middle Atlantic,36,11.47,Other Non-English,11.47,0,2
2011001307498,Northeast,Middle Atlantic,36,11.3,English only,11.3,0,2
2011001367271,Northeast,Middle Atlantic,36,Non-Family,Non-Family,Non-Family,Non-Family,Non-Family
2011001414797,Northeast,Middle Atlantic,36,12.28,English only,12.28,2,2
2012000005882,Northeast,Middle Atlantic,36,11.1,Other Non-English,11.1,0,2
2012000125465,Northeast,Middle Atlantic,36,11.69,English only,11.69,1,2
2012000272218,Northeast,Middle Atlantic,36,Non-Family,Non-Family,Non-Family,Non-Family,Non-Family
2012000376857,Northeast,Middle Atlantic,36,12.21,Other Non-English,12.21,3+,4
2012000426033,Northeast,Middle Atlantic,36,Non-Family,Non-Family,Non-Family,Non-Family,Non-Family
2012000721158,Northeast,Middle Atlantic,36,11.45,Other Non-English,11.45,2,4
2012000820110,Northeast,Middle Atlantic,36,11.39,English only,11.39,2,3
2012000831727,Northeast,Middle Atlantic,36,Non-Family,Non-Family,Non-Family,Non-Family,Non-Family
2012000880527,Northeast,Middle Atlantic,36,10.57,English only,10.57,0,3
2012000930172,Northeast,Middle Atlantic,36,Non-Family,English only,10.58,Non-Family,Non-Family
2012000959556,Northeast,Middle Atlantic,36,Non-Family,Non-Family,Non-Family,Non-Family,Non-Family
2012001050289,Northeast,Middle Atlantic,36,Non-Family,English only,7.77,Non-Family,Non-Family
2012001052890,Northeast,Middle Atlantic,36,10.69,English only,10.69,2,2
2012001061408,Northeast,Middle Atlantic,36,Non-Family,English only,10.63,Non-Family,Non-Family
2012001273842,Northeast,Middle Atlantic,36,12.17,Other Non-English,12.17,2,2
2012001405098,Northeast,Middle Atlantic,36,12.44,English only,12.44,2,5
2013000121361,Northeast,Middle Atlantic,36,Non-Family,English only,12.3,Non-Family,Non-Family
2013000121516,Northeast,Middle Atlantic,36,9.99,Other Non-English,9.99,0,5
2013000175755,Northeast,Middle Atlantic,36,10.5,Other Non-English,10.5,1,2
2013000249814,Northeast,Middle Atlantic,36,Non-Family,Other Non-English,11.64,Non-Family,Non-Family
2013000257299,Northeast,Middle Atlantic,36,10.92,English only,11.51,0,3
2013000268573,Northeast,Middle Atlantic,36,Non-Family,Non-Family,Non-Family,Non-Family,Non-Family
2013000268937,Northeast,Middle Atlantic,36,11.65,English only,11.65,3+,6
2013000469048,Northeast,Middle Atlantic,36,11.65,English only,11.65,1,2
2013000503943,Northeast,Middle Atlantic,36,12.25,English only,12.25,0,2
2013000518470,Northeast,Middle Atlantic,36,Non-Family,Non-Family,Non-Family,Non-Family,Non-Family
2013000604668,Northeast,Middle Atlantic,36,11.2,English only,11.2,2,5
2013000964813,Northeast,Middle Atlantic,36,Non-Family,Non-Family,Non-Family,Non-Family,Non-Family
2013001031602,Northeast,Middle Atlantic,36,10.96,English only,10.96,1,2
2013001060072,Northeast,Middle Atlantic,36,Non-Family,Non-Family,Non-Family,Non-Family,Non-Family
2013001179102,Northeast,Middle Atlantic,36,Non-Family,Other Non-English,10.53,Non-Family,Non-Family
2013001352178,Northeast,Middle Atlantic,36,11.38,English only,11.38,2,5
2013001477197,Northeast,Middle Atlantic,36,Non-Family,English only,9.69,Non-Family,Non-Family
2009000071905,South,South Atlantic,37,11.85,English only,11.85,2,3
2009000454539,South,South Atlantic,37,10.84,English only,10.84,2,4
2009000635754,South,South Atlantic,37,12.02,English only,12.02,3+,3
2009000830545,South,South Atlantic,37,10.99,English only,10.99,1,3
2009000840080,South,South Atlantic,37,Non-Family,Non-Family,Non-Family,Non-Family,Non-Family
2009000927109,South,South Atlantic,37,Non-Family,English only,12.09,Non-Family,Non-Family
2009000934486,South,South Atlantic,37,Non-Family,Non-Family,Non-Family,Non-Family,Non-Family
2009001120151,South,South Atlantic,37,Non-Family,Non-Family,Non-Family,Non-Family,Non-Family
2010000084079,South,South Atlantic,37,Non-Family,English only,9.92,Non-Family,Non-Family
2010000131543,South,South Atlantic,37,Non-Family,Non-Family,Non-Family,Non-Family,Non-Family
2010000146300,South,South Atlantic,37,12.72,English only,12.72,0,2
2010000288969,South,South Atlantic,37,Non-Family,Non-Family,Non-Family,Non-Family,Non-Family
2010000556381,South,South Atlantic,37,Non-Family,English only,11.65,Non-Family,Non-Family
2010000622230,South,South Atlantic,37,11.1,English only,11.1,1,4
2010000690091,South,South Atlantic,37,12.49,English only,12.49,0,2
2010000715217,South,South Atlantic,37,Non-Family,Non-Family,Non-Family,Non-Family,Non-Family
2010000829123,South,South Atlantic,37,10.2,English only,10.2,0,2
2010000955204,South,South Atlantic,37,11.03,English only,11.03,0,3
2010001104063,South,South Atlantic,37,11.98,English only,11.98,1,3
2010001326694,South,South Atlantic,37,10.68,English only,10.68,1,4
2011000051915,South,South Atlantic,37,12.63,English only,12.63,2,3
2011000192657,South,South Atlantic,37,12.32,English only,12.32,1,2
2011000681039,South,South Atlantic,37,11.22,English only,11.22,0,2
2011000704924,South,South Atlantic,37,12.28,English only,12.28,0,2
2011000812203,South,South Atlantic,37,Non-Family,English only,0,Non-Family,Non-Family
2011000882609,South,South Atlantic,37,9.86,English only,9.86,1,3
2011000894545,South,South Atlantic,37,Non-Family,Other Non-English,11.04,Non-Family,Non-Family
2011000928900,South,South Atlantic,37,12.04,English only,12.04,2,2
2011000945943,South,South Atlantic,37,11.97,English only,11.97,2,7
2012000096961,South,South Atlantic,37,10.35,English only,10.35,2,2
2012000518873,South,South Atlantic,37,Non-Family,English only,0,Non-Family,Non-Family
2012000862976,South,South Atlantic,37,Non-Family,English only,11.17,Non-Family,Non-Family
2012001005031,South,South Atlantic,37,11.99,English only,11.99,2,2
2012001049802,South,South Atlantic,37,Non-Family,English only,11.25,Non-Family,Non-Family
2012001335827,South,South Atlantic,37,Non-Family,English only,9.67,Non-Family,Non-Family
2012001336335,South,South Atlantic,37,11.03,English only,11.03,2,3
2013000368669,South,South Atlantic,37,11.27,English only,11.27,0,2
2013000465525,South,South Atlantic,37,12.48,Other Non-English,12.48,1,3
2013000671180,South,South Atlantic,37,6.76,English only,6.76,0,2
2013001033754,South,South Atlantic,37,Non-Family,English only,11.36,Non-Family,Non-Family
2013001162598,South,South Atlantic,37,10.78,English only,10.78,1,3
2013001252408,South,South Atlantic,37,12.16,English only,12.16,2,2
2009000223562,Midwest,West North Central,38,11.98,English only,11.98,2,3
2009000882805,Midwest,West North Central,38,12.24,English only,12.24,3+,6
2012001039883,Midwest,West North Central,38,11.52,English only,11.52,2,4
2009000170399,Midwest,East North Central,39,Non-Family,English only,10.0,Non-Family,Non-Family
2009000236140,Midwest,East North Central,39,11.53,English only,11.53,2,2
2009000927605,Midwest,East North Central,39,12.18,Other Non-English,12.18,2,3
2009001144877,Midwest,East North Central,39,Non-Family,English only,0,Non-Family,Non-Family
2009001373723,Midwest,East North Central,39,Non-Family,Non-Family,Non-Family,Non-Family,Non-Family
2010000149249,Midwest,East North Central,39,Non-Family,English only,10.42,Non-Family,Non-Family
2010000201159,Midwest,East North Central,39,12.75,English only,12.75,2,3
2010000362162,Midwest,East North Central,39,Non-Family,Non-Family,Non-Family,Non-Family,Non-Family
2010000444362,Midwest,East North Central,39,Non-Family,Non-Family,Non-Family,Non-Family,Non-Family
2010000580454,Midwest,East North Central,39,Non-Family,Non-Family,Non-Family,Non-Family,Non-Family
2010000793538,Midwest,East North Central,39,11.73,English only,11.73,3+,4
2010000827647,Midwest,East North Central,39,11.93,English only,11.93,2,2
2010000851648,Midwest,East North Central,39,Non-Family,English only,11.43,Non-Family,Non-Family
2010001181108,Midwest,East North Central,39,11.09,English only,11.09,1,2
2010001289948,Midwest,East North Central,39,12.32,English only,12.32,2,2
2010001299330,Midwest,East North Central,39,12.21,English only,12.21,2,2
2011000039733,Midwest,East North Central,39,12.05,English only,12.05,2,2
2011000113668,Midwest,East North Central,39,12.39,English only,12.5,3+,4
2011000144718,Midwest,East North Central,39,Non-Family,Non-Family,Non-Family,Non-Family,Non-Family
2011000476743,Midwest,East North Central,39,Non-Family,Non-Family,Non-Family,Non-Family,Non-Family
2011000751308,Midwest,East North Central,39,10.33,English only,10.33,1,5
2011000828836,Midwest,East North Central,39,11.24,Other Non-English,11.24,2,3
2011001189761,Midwest,East North Central,39,Non-Family,English only,10.97,Non-Family,Non-Family
2011001292886,Midwest,East North Central,39,9.68,Other Non-English,9.68,2,2
2011001300045,Midwest,East North Central,39,11.22,English only,11.22,2,5
2011001396257,Midwest,East North Central,39,Non-Family,Non-Family,Non-Family,Non-Family,Non-Family
2012000268110,Midwest,East North Central,39,Non-Family,English only,10.33,Non-Family,Non-Family
2012000723810,Midwest,East North Central,39,Non-Family,Non-Family,Non-Family,Non-Family,Non-Family
2012001245467,Midwest,East North Central,39,10.14,English only,10.14,2,4
2012001492643,Midwest,East North Central,39,11.08,English only,11.08,0,2
2013000061696,Midwest,East North Central,39,Non-Family,English only,9.21,Non-Family,Non-Family
2013000225557,Midwest,East North Central,39,11.97,English only,11.97,2,2
2013000378618,Midwest,East North Central,39,9.48,English only,9.48,0,2
2013001198584,Midwest,East North Central,39,Non-Family,English only,11.55,Non-Family,Non-Family
2013001213437,Midwest,East North Central,39,12.13,English only,12.13,1,2
2013001396638,Midwest,East North Central,39,Non-Family,Non-Family,Non-Family,Non-Family,Non-Family
2013001410508,Midwest,East North Central,39,10.64,English only,10.64,0,2
2013001431224,Midwest,East North Central,39,Non-Family,English only,10.02,Non-Family,Non-Family
2013001457575,Midwest,East North Central,39,Non-Family,English only,10.4,Non-Family,Non-Family
2009000580879,South,West South Central,40,Non-Family,Non-Family,Non-Family,Non-Family,Non-Family
2009000881635,South,West South Central,40,12.2,English only,12.2,2,2
2010000166818,South,West South Central,40,12.16,English only,12.16,1,2
2010000261186,South,West South Central,40,12.35,English only,12.35,1,3
2010001194980,South,West South Central,40,12.11,English only,12.11,2,3
2011000013257,South,West South Central,40,Non-Family,English only,9.35,Non-Family,Non-Family
2011000406280,South,West South Central,40,11.87,English only,11.87,2,4
2011000939058,South,West South Central,40,12.96,English only,12.96,3+,3
2011001338401,South,West South Central,40,10.53,English only,10.53,1,3
2011001501992,South,West South Central,40,11.89,English only,11.89,2,4
2012000153381,South,West South Central,40,Non-Family,English only,12.16,Non-Family,Non-Family
2012000538929,South,West South Central,40,10.06,Other Non-English,10.06,2,3
2012000849383,South,West South Central,40,Non-Family,English only,9.26,Non-Family,Non-Family
2012000874094,South,West South Central,40,Non-Family,Non-Family,Non-Family,Non-Family,Non-Family
2013000018830,South,West South Central,40,Non-Family,Non-Family,Non-Family,Non-Family,Non-Family
2013000576174,South,West South Central,40,Non-Family,English only,10.31,Non-Family,Non-Family
2013000607511,South,West South Central,40,11.31,English only,11.31,2,5
2013000628049,South,West South Central,40,Non-Family,Non-Family,Non-Family,Non-Family,Non-Family
2013000899320,South,West South Central,40,Non-Family,Non-Family,Non-Family,Non-Family,Non-Family
2013001418534,South,West South Central,40,Non-Family,English only,9.94,Non-Family,Non-Family
2009000055450,West,Pacific,41,11.75,English only,11.75,1,2
2009000154864,West,Pacific,41,10.64,Other Non-English,10.64,1,3
2009000461657,West,Pacific,41,11.5,English only,11.5,0,2
2009000947920,West,Pacific,41,Non-Family,English only,11.92,Non-Family,Non-Family
2010000345671,West,Pacific,41,12.17,English only,12.17,1,4
2011000160030,West,Pacific,41,Non-Family,Other Non-English,0,Non-Family,Non-Family
2011000593739,West,Pacific,41,Non-Family,English only,9.84,Non-Family,Non-Family
2011000730687,West,Pacific,41,11.7,English only,11.7,0,2
2011001292711,West,Pacific,41,Non-Family,English only,11.88,Non-Family,Non-Family
2012001325185,West,Pacific,41,Non-Family,English only,11.11,Non-Family,Non-Family
2013000520515,West,Pacific,41,Non-Family,English only,9.06,Non-Family,Non-Family
2013000936744,West,Pacific,41,Non-Family,English only,10.5,Non-Family,Non-Family
2013001288308,West,Pacific,41,10.26,Other Non-English,10.26,1,3
2009000347164,Northeast,Middle Atlantic,42,11.43,English only,11.43,0,2
2009000354084,Northeast,Middle Atlantic,42,Non-Family,Non-Family,Non-Family,Non-Family,Non-Family
2009000420617,Northeast,Middle Atlantic,42,Non-Family,Non-Family,Non-Family,Non-Family,Non-Family
2009000580003,Northeast,Middle Atlantic,42,12.64,English only,12.64,2,3
2009000668350,Northeast,Middle Atlantic,42,Non-Family,Non-Family,Non-Family,Non-Family,Non-Family
2009000920582,Northeast,Middle Atlantic,42,Non-Family,Non-Family,Non-Family,Non-Family,Non-Family
2009000952922,Northeast,Middle Atlantic,42,Non-Family,English only,11.23,Non-Family,Non-Family
2009001142867,Northeast,Middle Atlantic,42,11.58,English only,11.58,2,5
2010000003635,Northeast,Middle Atlantic,42,Non-Family,Non-Family,Non-Family,Non-Family,Non-Family
2010000015151,Northeast,Middle Atlantic,42,10.45,Other Non-English,10.45,1,4
2010000036241,Northeast,Middle Atlantic,42,Non-Family,English only,10.62,Non-Family,Non-Family
2010000096186,Northeast,Middle Atlantic,42,Non-Family,English only,11.35,Non-Family,Non-Family
2010000248442,Northeast,Middle Atlantic,42,11.55,Other Non-English,11.55,3+,4
2010000560174,Northeast,Middle Atlantic,42,12.46,Other Non-English,12.46,3+,4
2010000615121,Northeast,Middle Atlantic,42,12.54,English only,12.54,2,4
2010000622372,Northeast,Middle Atlantic,42,12.52,English only,12.52,2,4
2010000656759,Northeast,Middle Atlantic,42,12.18,English only,12.18,2,2
2010000687462,Northeast,Middle Atlantic,42,Non-Family,English only,11.78,Non-Family,Non-Family
2010000813847,Northeast,Middle Atlantic,42,Non-Family,English only,9.69,Non-Family,Non-Family
2010000835212,Northeast,Middle Atlantic,42,Non-Family,English only,12.09,Non-Family,Non-Family
2010000951079,Northeast,Middle Atlantic,42,11.13,Other Non-English,11.13,1,3
2010000957866,Northeast,Middle Atlantic,42,12.46,English only,12.46,3+,6
2010001076345,Northeast,Middle Atlantic,42,12.01,English only,12.01,2,2
2010001363580,Northeast,Middle Atlantic,42,Non-Family,English only,9.37,Non-Family,Non-Family
2010001398402,Northeast,Middle Atlantic,42,0,Other Non-English,0,0,2
2011000014012,Northeast,Middle Atlantic,42,12.47,English only,12.47,2,3
2011000059080,Northeast,Middle Atlantic,42,Non-Family,English only,11.63,Non-Family,Non-Family
2011000201224,Northeast,Middle Atlantic,42,11.62,English only,11.62,2,3
2011000295325,Northeast,Middle Atlantic,42,Non-Family,English only,10.37,Non-Family,Non-Family
2011000384934,Northeast,Middle Atlantic,42,Non-Family,English only,9.58,Non-Family,Non-Family
2011000492209,Northeast,Middle Atlantic,42,10.74,English only,10.74,1,2
2011000496618,Northeast,Middle Atlantic,42,Non-Family,Non-Family,Non-Family,Non-Family,Non-Family
2011000562295,Northeast,Middle Atlantic,42,11.17,English only,11.17,1,2
2011000637931,Northeast,Middle Atlantic,42,10.76,English only,10.76,2,3
2011000665655,Northeast,Middle Atlantic,42,Non-Family,English only,11.83,Non-Family,Non-Family
2011000763870,Northeast,Middle Atlantic,42,Non-Family,English only,10.3,Non-Family,Non-Family
2011000996815,Northeast,Middle Atlantic,42,Non-Family,Non-Family,Non-Family,Non-Family,Non-Family
2011001008975,Northeast,Middle Atlantic,42,10.14,Other Non-English,10.14,1,2
2011001157555,Northeast,Middle Atlantic,42,11.72,English only,11.72,0,2
2012000435668,Northeast,Middle Atlantic,42,11.92,English only,11.92,2,2
2012000514349,Northeast,Middle Atlantic,42,11.37,English only,11.37,2,2
2012000838156,Northeast,Middle Atlantic,42,Non-Family,English only,9.86,Non-Family,Non-Family
2012000843614,Northeast,Middle Atlantic,42,Non-Family,English only,10.04,Non-Family,Non-Family
2012001036222,Northeast,Middle Atlantic,42,10.47,English only,10.47,0,2
2012001210106,Northeast,Middle Atlantic,42,12.22,English only,12.22,3+,4
2012001231673,Northeast,Middle Atlantic,42,Non-Family,English only,11.42,Non-Family,Non-Family
2012001417707,Northeast,Middle Atlantic,42,11.94,English only,11.94,1,2
2013000173861,Northeast,Middle Atlantic,42,11.68,English only,11.68,1,2
2013000220809,Northeast,Middle Atlantic,42,12.13,English only,12.13,2,2
2013000298075,Northeast,Middle Atlantic,42,11.79,English only,11.79,3+,3
2013000398304,Northeast,Middle Atlantic,42,Non-Family,Non-Family,Non-Family,Non-Family,Non-Family
2013000499239,Northeast,Middle Atlantic,42,11.6,English only,11.6,2,4
2013000511009,Northeast,Middle Atlantic,42,Non-Family,English only,11.7,Non-Family,Non-Family
2013000573687,Northeast,Middle Atlantic,42,10.75,English only,10.75,0,2
2013000989869,Northeast,Middle Atlantic,42,11.13,English only,11.13,2,2
2013001069649,Northeast,Middle Atlantic,42,Non-Family,English only,11.12,Non-Family,Non-Family
2013001070623,Northeast,Middle Atlantic,42,10.2,English only,10.2,1,3
2013001087944,Northeast,Middle Atlantic,42,Non-Family,Non-Family,Non-Family,Non-Family,Non-Family
2013001170504,Northeast,Middle Atlantic,42,Non-Family,Non-Family,Non-Family,Non-Family,Non-Family
2013001398249,Northeast,Middle Atlantic,42,Non-Family,English only,9.39,Non-Family,Non-Family
2013001437324,Northeast,Middle Atlantic,42,11.9,English only,11.9,2,3
2009000353262,Northeast,New England,44,11.45,English only,12.23,1,2
2009000512153,Northeast,New England,44,Non-Family,Other Non-English,9.7,Non-Family,Non-Family
2013000135874,Northeast,New England,44,11.11,English only,11.11,0,2
2009000049567,South,South Atlantic,45,Non-Family,English only,9.76,Non-Family,Non-Family
2009000339945,South,South Atlantic,45,11.88,English only,11.88,1,2
2009000922543,South,South Atlantic,45,10.87,English only,10.87,0,2
2010000686522,South,South Atlantic,45,Non-Family,Non-Family,Non-Family,Non-Family,Non-Family
2010001037332,South,South Atlantic,45,12.08,Other Non-English,12.08,3+,6
2010001279685,South,South Atlantic,45,Non-Family,Non-Family,Non-Family,Non-Family,Non-Family
2011000277010,South,South Atlantic,45,11.23,English only,11.23,2,3
2011000444647,South,South Atlantic,45,10.61,English only,10.61,0,2
2011001237661,South,South Atlantic,45,11.35,Other Non-English,11.35,2,2
2012000069281,South,South Atlantic,45,Non-Family,English only,11.12,Non-Family,Non-Family
2012000185113,South,South Atlantic,45,11.63,English only,11.63,1,3
2012000622071,South,South Atlantic,45,Non-Family,English only,11.34,Non-Family,Non-Family
2012001068411,South,South Atlantic,45,Non-Family,English only,11.06,Non-Family,Non-Family
2012001081486,South,South Atlantic,45,10.7,Other Non-English,10.7,1,2
2013000053408,South,South Atlantic,45,Non-Family,English only,10.75,Non-Family,Non-Family
2013000577286,South,South Atlantic,45,0,Other Non-English,0,0,3
2013001130083,South,South Atlantic,45,11.59,English only,11.59,2,7
2013001228174,South,South Atlantic,45,Non-Family,Non-Family,Non-Family,Non-Family,Non-Family
2013001367037,South,South Atlantic,45,12.13,English only,12.13,0,2
2013001395118,South,South Atlantic,45,10.57,English only,10.57,0,2
2013001045697,Midwest,West North Central,46,Non-Family,Non-Family,Non-Family,Non-Family,Non-Family
2009000134551,South,East South Central,47,Non-Family,English only,10.06,Non-Family,Non-Family
2009000376203,South,East South Central,47,Non-Family,English only,10.85,Non-Family,Non-Family
2009000496128,South,East South Central,47,12.73,English only,12.73,2,2
2010000442495,South,East South Central,47,13.22,English only,13.22,1,2
2010000470737,South,East South Central,47,Non-Family,Non-Family,Non-Family,Non-Family,Non-Family
2010000593430,South,East South Central,47,10.43,English only,10.43,0,3
2011000453410,South,East South Central,47,Non-Family,English only,10.85,Non-Family,Non-Family
2011000506948,South,East South Central,47,9.94,English only,9.94,1,4
2011000507141,South,East South Central,47,Non-Family,English only,10.15,Non-Family,Non-Family
2011000562175,South,East South Central,47,11.78,English only,11.78,1,3
2011000604516,South,East South Central,47,Non-Family,Non-Family,Non-Family,Non-Family,Non-Family
2011001052610,South,East South Central,47,Non-Family,English only,11.59,Non-Family,Non-Family
2011001149976,South,East South Central,47,10.37,English only,10.89,2,3
2011001180069,South,East South Central,47,12.13,English only,12.13,2,2
2012000299817,South,East South Central,47,Non-Family,English only,9.65,Non-Family,Non-Family
2012000414901,South,East South Central,47,10.93,English only,10.93,1,2
2012000488952,South,East South Central,47,Non-Family,Non-Family,Non-Family,Non-Family,Non-Family
2012000723520,South,East South Central,47,7.86,English only,7.86,1,2
2012000938504,South,East South Central,47,Non-Family,English only,10.46,Non-Family,Non-Family
2012001112177,South,East South Central,47,12.7,English only,12.7,2,2
2012001367760,South,East South Central,47,Non-Family,English only,9.82,Non-Family,Non-Family
2013000751244,South,East South Central,47,Non-Family,English only,9.8,Non-Family,Non-Family
2013000796620,South,East South Central,47,9.88,English only,9.88,0,2
2013000796774,South,East South Central,47,Non-Family,English only,9.31,Non-Family,Non-Family
2013001194798,South,East South Central,47,Non-Family,English only,9.63,Non-Family,Non-Family
2013001202903,South,East South Central,47,10.55,English only,10.55,0,2
2013001271967,South,East South Central,47,Non-Family,English only,9.76,Non-Family,Non-Family
2009000038097,South,West South Central,48,12.18,English only,12.18,2,2
2009000081245,South,West South Central,48,Non-Family,English only,10.0,Non-Family,Non-Family
2009000192766,South,West South Central,48,Non-Family,English only,11.29,Non-Family,Non-Family
2009000217256,South,West South Central,48,Non-Family,Non-Family,Non-Family,Non-Family,Non-Family
2009000345090,South,West South Central,48,Non-Family,Non-Family,Non-Family,Non-Family,Non-Family
2009000420505,South,West South Central,48,12.25,English only,12.25,0,2
2009000452774,South,West South Central,48,Non-Family,Non-Family,Non-Family,Non-Family,Non-Family
2009000563013,South,West South Central,48,Non-Family,English only,9.74,Non-Family,Non-Family
2009000569947,South,West South Central,48,Non-Family,English only,10.0,Non-Family,Non-Family
2009000586080,South,West South Central,48,11.62,Other Non-English,11.62,2,3
2009000596527,South,West South Central,48,12.45,English only,12.45,2,3
2009000622564,South,West South Central,48,Non-Family,English only,11.63,Non-Family,Non-Family
2009000642761,South,West South Central,48,Non-Family,English only,11.4,Non-Family,Non-Family
2009000708209,South,West South Central,48,12.39,Other Non-English,12.39,3+,7
2009000719279,South,West South Central,48,12.57,Other Non-English,12.64,2,3
2009000803525,South,West South Central,48,Non-Family,Non-Family,Non-Family,Non-Family,Non-Family
2009000804584,South,West South Central,48,Non-Family,English only,11.35,Non-Family,Non-Family
2009000899191,South,West South Central,48,Non-Family,English only,11.39,Non-Family,Non-Family
2009000902659,South,West South Central,48,11.89,English only,11.89,2,3
2009001029017,South,West South Central,48,11.75,English only,11.75,0,2
2009001143318,South,West South Central,48,Non-Family,English only,12.07,Non-Family,Non-Family
2009001180070,South,West South Central,48,12.86,Other Non-English,12.86,2,3
2009001257938,South,West South Central,48,Non-Family,English only,7.86,Non-Family,Non-Family
2009001290165,South,West South Central,48,Non-Family,Other Non-English,10.93,Non-Family,Non-Family
2009001298691,South,West South Central,48,Non-Family,Other Non-English,10.2,Non-Family,Non-Family
2009001373913,South,West South Central,48,Non-Family,English only,11.03,Non-Family,Non-Family
2010000255365,South,West South Central,48,12.72,English only,12.72,2,3
2010000400059,South,West South Central,48,12.55,Other Non-English,12.55,1,7
2010000440310,South,West South Central,48,Non-Family,Non-Family,Non-Family,Non-Family,Non-Family
2010000482806,South,West South Central,48,Non-Family,Other Non-English,10.66,Non-Family,Non-Family
2010000538999,South,West South Central,48,0,Other Non-English,0,0,2
2010000601806,South,West South Central,48,9.8,Other Non-English,9.8,1,4
2010000683657,South,West South Central,48,11.09,Other Non-English,11.09,3+,4
2010000723245,South,West South Central,48,Non-Family,English only,10.18,Non-Family,Non-Family
2010000760558,South,West South Central,48,Non-Family,Other Non-English,9.35,Non-Family,Non-Family
2010000768152,South,West South Central,48,10.96,Other Non-English,10.96,1,5
2010000853285,South,West South Central,48,11.1,Other Non-English,11.17,1,3
2010000869214,South,West South Central,48,11.78,English only,11.78,1,2
2010000882868,South,West South Central,48,11.55,English only,11.55,1,2
2010000883544,South,West South Central,48,Non-Family,Non-Family,Non-Family,Non-Family,Non-Family
2010000943697,South,West South Central,48,11.6,Other Non-English,11.6,3+,5
2010000974483,South,West South Central,48,Non-Family,Non-Family,Non-Family,Non-Family,Non-Family
2010001058451,South,West South Central,48,11.26,English only,11.26,1,2
2010001218188,South,West South Central,48,Non-Family,Other Non-English,10.98,Non-Family,Non-Family
2011000047336,South,West South Central,48,11.83,English only,11.83,2,2
2011000107400,South,West South Central,48,11.1,Other Non-English,11.1,1,3
2011000185376,South,West South Central,48,Non-Family,English only,11.6,Non-Family,Non-Family
2011000410394,South,West South Central,48,10.94,English only,10.94,1,3
2011000524715,South,West South Central,48,12.03,Other Non-English,12.03,2,2
2011000535680,South,West South Central,48,Non-Family,Non-Family,Non-Family,Non-Family,Non-Family
2011000752070,South,West South Central,48,Non-Family,Other Non-English,11.56,Non-Family,Non-Family
2011000784970,South,West South Central,48,Non-Family,English only,9.67,Non-Family,Non-Family
2011000819204,South,West South Central,48,Non-Family,English only,10.68,Non-Family,Non-Family
2011000860380,South,West South Central,48,12.2,English only,12.2,2,2
2011001000741,South,West South Central,48,Non-Family,English only,11.99,Non-Family,Non-Family
2011001059068,South,West South Central,48,Non-Family,Non-Family,Non-Family,Non-Family,Non-Family
2011001186963,South,West South Central,48,11.93,Other Non-English,11.93,2,2
2011001253086,South,West South Central,48,9.92,Other Non-English,9.92,0,2
2011001346877,South,West South Central,48,Non-Family,Other Non-English,11.02,Non-Family,Non-Family
2012000095625,South,West South Central,48,10.61,English only,10.61,0,2
2012000152496,South,West South Central,48,13.16,English only,13.16,1,4
2012000229134,South,West South Central,48,11.29,English only,11.29,2,2
2012000644804,South,West South Central,48,11.99,English only,11.99,1,3
2012000647492,South,West South Central,48,Non-Family,Non-Family,Non-Family,Non-Family,Non-Family
2012001030173,South,West South Central,48,10.03,English only,10.03,0,2
2012001056449,South,West South Central,48,Non-Family,English only,11.0,Non-Family,Non-Family
2012001199454,South,West South Central,48,10.19,English only,10.19,1,2
2012001234321,South,West South Central,48,8.1,Other Non-English,8.1,0,2
2012001278808,South,West South Central,48,Non-Family,English only,12.04,Non-Family,Non-Family
2012001357678,South,West South Central,48,Non-Family,Non-Family,Non-Family,Non-Family,Non-Family
2012001364444,South,West South Central,48,12.18,English only,12.18,2,4
2012001391482,South,West South Central,48,10.53,Other Non-English,10.53,1,2
2013000052621,South,West South Central,48,Non-Family,Other Non-English,12.64,Non-Family,Non-Family
2013000205831,South,West South Central,48,Non-Family,Non-Family,Non-Family,Non-Family,Non-Family
2013000233385,South,West South Central,48,Non-Family,English only,6.16,Non-Family,Non-Family
2013000276826,South,West South Central,48,10.35,English only,10.35,0,2
2013000302626,South,West South Central,48,Non-Family,Non-Family,Non-Family,Non-Family,Non-Family
2013000336728,South,West South Central,48,10.07,Other Non-English,11.0,1,3
2013000358226,South,West South Central,48,10.16,English only,10.16,0,2
2013000491646,South,West South Central,48,Non-Family,English only,9.99,Non-Family,Non-Family
2013000538858,South,West South Central,48,Non-Family,English only,10.39,Non-Family,Non-Family
2013000577449,South,West South Central,48,10.96,Other Non-English,10.96,3+,3
2013000735883,South,West South Central,48,11.96,English only,11.96,2,4
2013000935302,South,West South Central,48,11.88,English only,11.88,1,2
2013000945801,South,West South Central,48,10.16,English only,10.16,1,2
2013000952012,South,West South Central,48,12.73,English only,12.73,0,2
2013001004654,South,West South Central,48,11.19,English only,11.19,0,2
2013001039772,South,West South Central,48,Non-Family,English only,10.84,Non-Family,Non-Family
2013001108789,South,West South Central,48,10.46,Other Non-English,10.46,1,3
2013001255684,South,West South Central,48,10.9,English only,10.9,2,2
2013001420042,South,West South Central,48,11.5,English only,11.5,2,5
2010000014784,West,Mountain,49,11.83,Other Non-English,11.83,2,4
2010000612596,West,Mountain,49,11.77,English only,11.77,2,3
2010000728950,West,Mountain,49,11.43,English only,11.43,2,5
2011000244939,West,Mountain,49,12.0,English only,12.0,2,4
2011000531626,West,Mountain,49,Non-Family,English only,12.54,Non-Family,Non-Family
2012000913302,West,Mountain,49,Non-Family,Non-Family,Non-Family,Non-Family,Non-Family
2013000257193,West,Mountain,49,Non-Family,Non-Family,Non-Family,Non-Family,Non-Family
2013000690662,West,Mountain,49,Non-Family,Non-Family,Non-Family,Non-Family,Non-Family
2013000877955,West,Mountain,49,11.05,English only,11.05,2,5
2011000597180,Northeast,New England,50,9.41,Other Non-English,9.41,1,2
2012001351376,Northeast,New England,50,12.51,English only,12.51,2,2
2009000055870,South,South Atlantic,51,12.98,English only,12.98,1,2
2009000194791,South,South Atlantic,51,13.46,English only,13.46,3+,4
2009000338389,South,South Atlantic,51,12.98,English only,12.98,1,2
2009000498647,South,South Atlantic,51,Non-Family,Non-Family,Non-Family,Non-Family,Non-Family
2009000655196,South,South Atlantic,51,Non-Family,Non-Family,Non-Family,Non-Family,Non-Family
2009000820364,South,South Atlantic,51,11.56,English only,11.56,0,2
2009001290029,South,South Atlantic,51,10.07,English only,10.07,1,2
2010000419681,South,South Atlantic,51,12.98,English only,12.98,3+,3
2010000693890,South,South Atlantic,51,Non-Family,English only,10.1,Non-Family,Non-Family
2011000181890,South,South Atlantic,51,11.5,English only,11.5,1,4
2011000543679,South,South Atlantic,51,11.72,Other Non-English,11.72,2,2
2011000948565,South,South Atlantic,51,Non-Family,Non-Family,Non-Family,Non-Family,Non-Family
2011001251150,South,South Atlantic,51,Non-Family,Non-Family,Non-Family,Non-Family,Non-Family
2012000064813,South,South Atlantic,51,Non-Family,English only,10.81,Non-Family,Non-Family
2012000190149,South,South Atlantic,51,12.34,English only,12.34,2,4
2012000236920,South,South Atlantic,51,Non-Family,English only,9.43,Non-Family,Non-Family
2012000243815,South,South Atlantic,51,Non-Family,English only,11.07,Non-Family,Non-Family
2012000295946,South,South Atlantic,51,Non-Family,English only,10.19,Non-Family,Non-Family
2012000575250,South,South Atlantic,51,12.04,English only,12.04,0,2
2012001255708,South,South Atlantic,51,10.98,English only,10.98,1,2
2012001275754,South,South Atlantic,51,11.24,English only,11.24,2,5
2012001394019,South,South Atlantic,51,12.31,English only,12.31,2,2
2013000259840,South,South Atlantic,51,11.64,English only,11.64,2,3
2013000444244,South,South Atlantic,51,Non-Family,English only,9.81,Non-Family,Non-Family
2013000478744,South,South Atlantic,51,10.69,English only,10.69,0,4
2013000834738,South,South Atlantic,51,Non-Family,Non-Family,Non-Family,Non-Family,Non-Family
2013001270890,South,South Atlantic,51,Non-Family,English only,12.52,Non-Family,Non-Family
2013001453308,South,South Atlantic,51,12.31,Other Non-English,12.31,3+,3
2009000446850,West,Pacific,53,12.06,English only,12.06,2,2
2010000224205,West,Pacific,53,11.34,English only,11.34,0,2
2010000268641,West,Pacific,53,12.56,English only,12.56,2,3
2010000342033,West,Pacific,53,11.17,English only,11.17,2,2
2010000441453,West,Pacific,53,Non-Family,English only,11.83,Non-Family,Non-Family
2010000698442,West,Pacific,53,Non-Family,English only,12.62,Non-Family,Non-Family
2010000862833,West,Pacific,53,9.68,Other Non-English,9.68,1,3
2010000994143,West,Pacific,53,Non-Family,Non-Family,Non-Family,Non-Family,Non-Family
2011000097033,West,Pacific,53,12.56,English only,12.56,3+,4
2011001281236,West,Pacific,53,Non-Family,Non-Family,Non-Family,Non-Family,Non-Family
2011001440808,West,Pacific,53,Non-Family,Non-Family,Non-Family,Non-Family,Non-Family
2011001486266,West,Pacific,53,Non-Family,English only,11.7,Non-Family,Non-Family
2012001310812,West,Pacific,53,11.78,English only,11.78,2,2
2013000051445,West,Pacific,53,Non-Family,English only,12.97,Non-Family,Non-Family
2013000096608,West,Pacific,53,Non-Family,Non-Family,Non-Family,Non-Family,Non-Family
2013000437272,West,Pacific,53,Non-Family,English only,10.06,Non-Family,Non-Family
2013001098161,West,Pacific,53,11.07,English only,11.07,3+,6
2010000917164,South,South Atlantic,54,Non-Family,Non-Family,Non-Family,Non-Family,Non-Family
2010001409091,South,South Atlantic,54,11.67,English only,11.67,2,2
2011000046521,South,South Atlantic,54,Non-Family,Non-Family,Non-Family,Non-Family,Non-Family
2011000925169,South,South Atlantic,54,Non-Family,English only,10.1,Non-Family,Non-Family
2011001441269,South,South Atlantic,54,Non-Family,Non-Family,Non-Family,Non-Family,Non-Family
2012000104934,South,South Atlantic,54,Non-Family,English only,10.17,Non-Family,Non-Family
2012001101795,South,South Atlantic,54,Non-Family,English only,10.17,Non-Family,Non-Family
2013000093699,South,South Atlantic,54,Non-Family,Non-Family,Non-Family,Non-Family,Non-Family
2013000201180,South,South Atlantic,54,Non-Family,Non-Family,Non-Family,Non-Family,Non-Family
2013000697910,South,South Atlantic,54,11.24,English only,11.24,3+,5
2013000980693,South,South Atlantic,54,11.08,English only,11.08,1,2
2009000589552,Midwest,East North Central,55,Non-Family,English only,10.2,Non-Family,Non-Family
2009000602150,Midwest,East North Central,55,12.17,English only,12.17,3+,4
2009000988193,Midwest,East North Central,55,11.18,English only,11.18,3+,4
2009001331940,Midwest,East North Central,55,Non-Family,English only,10.75,Non-Family,Non-Family
2010000860807,Midwest,East North Central,55,Non-Family,Non-Family,Non-Family,Non-Family,Non-Family
2010001063636,Midwest,East North Central,55,12.13,English only,12.13,1,2
2010001226782,Midwest,East North Central,55,Non-Family,English only,11.29,Non-Family,Non-Family
2010001356929,Midwest,East North Central,55,9.92,English only,9.92,1,10
2011000038534,Midwest,East North Central,55,Non-Family,Non-Family,Non-Family,Non-Family,Non-Family
2011000603415,Midwest,East North Central,55,Non-Family,Non-Family,Non-Family,Non-Family,Non-Family
2011000911397,Midwest,East North Central,55,Non-Family,Non-Family,Non-Family,Non-Family,Non-Family
2011001085634,Midwest,East North Central,55,12.6,English only,12.6,1,2
2012000600000,Midwest,East North Central,55,Non-Family,Non-Family,Non-Family,Non-Family,Non-Family
2012000742174,Midwest,East North Central,55,11.69,English only,11.69,2,3
2013000191623,Midwest,East North Central,55,11.4,English only,11.4,2,2
2013000411990,Midwest,East North Central,55,Non-Family,English only,10.7,Non-Family,Non-Family
2013000600530,Midwest,East North Central,55,Non-Family,Non-Family,Non-Family,Non-Family,Non-Family
2013000941749,Midwest,East North Central,55,Non-Family,English only,9.57,Non-Family,Non-Family
2013000993455,Midwest,East North Central,55,11.27,English only,11.27,2,2
2013001026714,Midwest,East North Central,55,11.18,English only,11.18,2,4
2013001122795,Midwest,East North Central,55,10.88,English only,10.88,0,2
2013001143618,Midwest,East North Central,55,11.11,English only,11.11,0,2
2013001281765,Midwest,East North Central,55,Non-Family,English only,9.39,Non-Family,Non-Family
2009000032214,West,Mountain,56,Non-Family,English only,10.99,Non-Family,Non-Family
2010001063727,West,Mountain,56,11.99,English only,11.99,0,2
2013001082476,West,Mountain,56,11.6,English only,11.6,1,4
