ID,REGION,DIVISION,STATE,PROPERTY VALUE DOLLARS,MONTHLY RENT DOLLARS,GROSS MONTHLY RENT DOLLARS,OCCUPANCY STATUS,NUMBER OF VEHICLES,HOUSEHOLD TELEPHONE
2009000089236,South,East South Central,1,10860,Owner,Owner,Owned,1,True
2009000311177,South,East South Central,1,43441,Owner,Owner,Owned with loan,2,True
2009000426047,South,East South Central,1,Renter,238,238,Rented,0,True
2009000448671,South,East South Central,1,Renter,543,705,Rented,2,True
2009000523654,South,East South Central,1,21720,Owner,Owner,Owned,2,True
2009000742214,South,East South Central,1,141184,Owner,Owner,Owned with loan,1,True
2009001335518,South,East South Central,1,32580,Owner,Owner,Owned with loan,0,True
2010000145521,South,East South Central,1,74787,Owner,Owner,Owned with loan,2,True
2010000560424,South,East South Central,1,347228,Owner,Owner,Owned with loan,3,True
2010000853150,South,East South Central,1,48077,Owner,Owner,Owned,1,True
2010001045405,South,East South Central,1,Non-Family,Non-Family,Non-Family,Non-Family,Non-Family,Non-Family
2011000477680,South,East South Central,1,Renter,621,1180,Rented,1,True
2011000659682,South,East South Central,1,Non-Family,Non-Family,Non-Family,Non-Family,Non-Family,Non-Family
2011000735997,South,East South Central,1,248574,Owner,Owner,Owned with loan,2,True
2012000023613,South,East South Central,1,304359,Owner,Owner,Owned,2,True
2012000406273,South,East South Central,1,81162,Owner,Owner,Owned,3,True
2012000950243,South,East South Central,1,40581,Owner,Owner,Owned,1,True
2012001194372,South,East South Central,1,Renter,344,344,Rented,1,True
2012001247410,South,East South Central,1,Non-Family,Non-Family,Non-Family,Non-Family,Non-Family,Non-Family
2013000385931,South,East South Central,1,Non-Family,Non-Family,Non-Family,Non-Family,Non-Family,Non-Family
2013000754626,South,East South Central,1,Renter,770,895,Rented,2,True
2013000938302,South,East South Central,1,Renter,450,593,Rented,3,True
2010000709910,West,Pacific,2,Non-Family,Non-Family,Non-Family,Non-Family,Non-Family,Non-Family
2011000809154,West,Pacific,2,67322,Owner,Owner,Owned with loan,0,True
2012000139973,West,Pacific,2,177542,Owner,Owner,Owned with loan,3,True
2009000272096,West,Mountain,4,Non-Family,Non-Family,Non-Family,Non-Family,Non-Family,Non-Family
2009000464351,West,Mountain,4,787373,Owner,Owner,Owned with loan,2,True
2009000674253,West,Mountain,4,Non-Family,Non-Family,Non-Family,Non-Family,1,False
2009001228662,West,Mountain,4,Non-Family,Non-Family,Non-Family,Non-Family,Non-Family,Non-Family
2010000577930,West,Mountain,4,299150,Owner,Owner,Owned with loan,3,True
2010000920682,West,Mountain,4,Renter,1282,1559,Rented,2,True
2010000993132,West,Mountain,4,106839,Owner,Owner,Owned with loan,3,True
2010001287101,West,Mountain,4,160259,Owner,Owner,Owned,1,True
2011000117544,West,Mountain,4,124287,Owner,Owner,Owned with loan,3,True
2011000560023,West,Mountain,4,129465,Owner,Owner,Owned with loan,2,True
2011000615594,West,Mountain,4,82858,Owner,Owner,Owned with loan,1,True
2011000930125,West,Mountain,4,Non-Family,Non-Family,Non-Family,Non-Family,Non-Family,Non-Family
2012000305692,West,Mountain,4,Renter,527,629,Rented,1,True
2012000751903,West,Mountain,4,405812,Owner,Owner,Owned,2,True
2012001116118,West,Mountain,4,Renter,1318,1580,Rented,2,True
2012001431375,West,Mountain,4,537701,Owner,Owner,Owned,3,True
2013000145612,West,Mountain,4,Renter,510,600,Rented,1,True
2013000196018,West,Mountain,4,600000,Owner,Owner,Owned with loan,3,True
2013000501229,West,Mountain,4,Renter,1100,1198,Rented,1,True
2013001077630,West,Mountain,4,Non-Family,Non-Family,Non-Family,Non-Family,Non-Family,Non-Family
2013001242982,West,Mountain,4,Non-Family,Non-Family,Non-Family,Non-Family,1,True
2013001276229,West,Mountain,4,Non-Family,Non-Family,Non-Family,Non-Family,Non-Family,Non-Family
2013001279169,West,Mountain,4,Non-Family,Non-Family,Non-Family,Non-Family,Non-Family,Non-Family
2013001325629,West,Mountain,4,Non-Family,Non-Family,Non-Family,Non-Family,Non-Family,Non-Family
2009000138591,South,West South Central,5,152044,Owner,Owner,Owned,2,True
2009000234689,South,West South Central,5,477854,Owner,Owner,Owned with loan,2,True
2009000736103,South,West South Central,5,Non-Family,Non-Family,Non-Family,Non-Family,Non-Family,Non-Family
2009001164727,South,West South Central,5,65161,Owner,Owner,Owned with loan,1,True
2011000034575,South,West South Central,5,31071,Owner,Owner,Owned with loan,2,True
2012000371696,South,West South Central,5,Non-Family,Non-Family,Non-Family,Non-Family,Non-Family,Non-Family
2012000699707,South,West South Central,5,Renter,537,598,Rented,1,False
2013000894254,South,West South Central,5,Non-Family,Non-Family,Non-Family,Non-Family,2,True
2013000947774,South,West South Central,5,60000,Owner,Owner,Owned with loan,2,True
2013001400970,South,West South Central,5,160000,Owner,Owner,Owned,2,True
2009000050702,West,Pacific,6,Renter,2606,2628,Rented,1,True
2009000052999,West,Pacific,6,Non-Family,Non-Family,Non-Family,Non-Family,Non-Family,Non-Family
2009000093986,West,Pacific,6,Renter,521,578,Rented,0,True
2009000127731,West,Pacific,6,3258095,Owner,Owner,Owned with loan,3,True
2009000204532,West,Pacific,6,Renter,868,964,Rented,0,True
2009000240181,West,Pacific,6,434412,Owner,Owner,Owned with loan,3,True
2009000257636,West,Pacific,6,Non-Family,Non-Family,Non-Family,Non-Family,Non-Family,Non-Family
2009000396337,West,Pacific,6,Renter,206,325,Rented,1,True
2009000539526,West,Pacific,6,78194,Owner,Owner,Owned with loan,4,True
2009000573768,West,Pacific,6,Renter,1954,2014,Rented,1,True
2009000633377,West,Pacific,6,1303238,Owner,Owner,Owned with loan,1,True
2009000685823,West,Pacific,6,434412,Owner,Owner,Owned with loan,2,True
2009000788042,West,Pacific,6,434412,Owner,Owner,Owned with loan,5,True
2009000841498,West,Pacific,6,Non-Family,Non-Family,Non-Family,Non-Family,Non-Family,Non-Family
2009000880261,West,Pacific,6,445273,Owner,Owner,Owned with loan,2,True
2009000882530,West,Pacific,6,1303238,Owner,Owner,Owned,2,True
2009000907604,West,Pacific,6,325809,Owner,Owner,Owned with loan,2,True
2009000939726,West,Pacific,6,325809,Owner,Owner,Owned with loan,2,True
2009000950644,West,Pacific,6,434412,Owner,Owner,Owned with loan,2,True
2009001075956,West,Pacific,6,Renter,1303,1368,Rented,1,True
2009001140838,West,Pacific,6,Non-Family,Non-Family,Non-Family,Non-Family,Non-Family,Non-Family
2009001147802,West,Pacific,6,Renter,1629,1694,Rented,1,True
2009001252347,West,Pacific,6,Non-Family,Non-Family,Non-Family,Non-Family,Non-Family,Non-Family
2009001379536,West,Pacific,6,217206,Owner,Owner,Owned,1,True
2009001386199,West,Pacific,6,Non-Family,Non-Family,Non-Family,Non-Family,Non-Family,Non-Family
2010000033026,West,Pacific,6,11752,Owner,Owner,Owned,1,True
2010000070396,West,Pacific,6,400648,Owner,Owner,Owned with loan,3,True
2010000081788,West,Pacific,6,Renter,1068,1175,Rented,2,True
2010000126011,West,Pacific,6,373938,Owner,Owner,Owned,1,True
2010000171705,West,Pacific,6,32051,Owner,Owner,Owned with loan,1,False
2010000255658,West,Pacific,6,Renter,416,587,Rented,1,True
2010000287215,West,Pacific,6,256414,Owner,Owner,Owned with loan,2,True
2010000291864,West,Pacific,6,197653,Owner,Owner,Owned,3,True
2010000363420,West,Pacific,6,213679,Owner,Owner,Owned with loan,2,True
2010000390308,West,Pacific,6,Renter,1602,1677,Rented,2,True
2010000503986,West,Pacific,6,349365,Owner,Owner,Owned with loan,2,True
2010000531302,West,Pacific,6,1388913,Owner,Owner,Owned,2,True
2010000566354,West,Pacific,6,2136790,Owner,Owner,Owned with loan,1,True
2010000615452,West,Pacific,6,293808,Owner,Owner,Owned,5,True
2010000639129,West,Pacific,6,160259,Owner,Owner,Owned with loan,1,True
2010000640301,West,Pacific,6,373938,Owner,Owner,Owned,4,True
2010000708054,West,Pacific,6,746808,Owner,Owner,Owned,3,True
2010000820177,West,Pacific,6,138891,Owner,Owner,Owned with loan,2,True
2010000904103,West,Pacific,6,Renter,1282,1367,Rented,1,True
2010001086467,West,Pacific,6,Renter,908,993,Rented,1,True
2010001143170,West,Pacific,6,480777,Owner,Owner,Owned with loan,2,True
2010001213705,West,Pacific,6,212610,Owner,Owner,Owned with loan,3,True
2010001276755,West,Pacific,6,Renter,1495,1660,Rented,1,True
2010001283973,West,Pacific,6,Non-Family,Non-Family,Non-Family,Non-Family,Non-Family,Non-Family
2010001305717,West,Pacific,6,Renter,2136,2136,Rented,1,True
2010001345132,West,Pacific,6,Renter,790,816,Rented,2,True
2010001396542,West,Pacific,6,Renter,1388,1741,Rented,2,True
2010001402014,West,Pacific,6,507487,Owner,Owner,Owned with loan,2,True
2011000025453,West,Pacific,6,880366,Owner,Owner,Owned,2,True
2011000095242,West,Pacific,6,258931,Owner,Owner,Owned with loan,2,True
2011000100792,West,Pacific,6,1864305,Owner,Owner,Owned,2,True
2011000143691,West,Pacific,6,673221,Owner,Owner,Owned with loan,1,True
2011000192343,West,Pacific,6,776793,Owner,Owner,Owned with loan,3,True
2011000277715,West,Pacific,6,155358,Owner,Owner,Owned,1,True
2011000288190,West,Pacific,6,243395,Owner,Owner,Owned,2,True
2011000414068,West,Pacific,6,Renter,2589,2877,Rented,3,True
2011000421562,West,Pacific,6,Non-Family,Non-Family,Non-Family,Non-Family,Non-Family,Non-Family
2011000469767,West,Pacific,6,Renter,1553,1605,Rented,1,True
2011000485037,West,Pacific,6,Renter,1015,1056,Rented,1,True
2011000486565,West,Pacific,6,621435,Owner,Owner,Owned with loan,2,True
2011000538626,West,Pacific,6,67322,Owner,Owner,Owned with loan,1,True
2011000618548,West,Pacific,6,Renter,1035,1191,Rented,1,True
2011000648841,West,Pacific,6,Renter,1015,1056,Rented,1,True
2011000661393,West,Pacific,6,Non-Family,Non-Family,Non-Family,Non-Family,Non-Family,Non-Family
2011000694250,West,Pacific,6,Non-Family,Non-Family,Non-Family,Non-Family,Non-Family,Non-Family
2011000694442,West,Pacific,6,Renter,1015,1522,Rented,0,True
2011000714683,West,Pacific,6,Non-Family,Non-Family,Non-Family,Non-Family,Non-Family,Non-Family
2011000717815,West,Pacific,6,Renter,725,749,Rented,1,True
2011000834162,West,Pacific,6,Renter,652,704,Rented,0,True
2011000899871,West,Pacific,6,1760732,Owner,Owner,Owned,3,True
2011000927015,West,Pacific,6,211287,Owner,Owner,Owned,1,True
2011000947617,West,Pacific,6,828580,Owner,Owner,Owned with loan,2,True
2011000962318,West,Pacific,6,880366,Owner,Owner,Owned with loan,2,True
2011000964339,West,Pacific,6,Non-Family,Non-Family,Non-Family,Non-Family,Non-Family,Non-Family
2011000968918,West,Pacific,6,Renter,880,942,Rented,0,True
2011001059818,West,Pacific,6,51786,Owner,Owner,Owned,0,True
2011001081997,West,Pacific,6,Renter,1553,1595,Rented,2,True
2011001137431,West,Pacific,6,569648,Owner,Owner,Owned with loan,3,True
2011001150671,West,Pacific,6,310717,Owner,Owner,Owned,2,True
2011001208517,West,Pacific,6,Renter,1967,2330,Rented,3,True
2011001232579,West,Pacific,6,Non-Family,Non-Family,Non-Family,Non-Family,1,True
2011001270089,West,Pacific,6,Renter,2278,2527,Rented,2,True
2011001312138,West,Pacific,6,486790,Owner,Owner,Owned with loan,2,True
2011001344688,West,Pacific,6,662864,Owner,Owner,Owned with loan,4,True
2011001455941,West,Pacific,6,414290,Owner,Owner,Owned,3,True
2011001468475,West,Pacific,6,155358,Owner,Owner,Owned,1,True
2012000031233,West,Pacific,6,304359,Owner,Owner,Owned with loan,2,True
2012000086919,West,Pacific,6,162324,Owner,Owner,Owned with loan,4,True
2012000102148,West,Pacific,6,Renter,507,557,Rented,0,True
2012000102482,West,Pacific,6,152179,Owner,Owner,Owned with loan,1,True
2012000108872,West,Pacific,6,Renter,1521,1810,Rented,2,True
2012000169429,West,Pacific,6,126816,Owner,Owner,Owned with loan,2,True
2012000175084,West,Pacific,6,760898,Owner,Owner,Owned with loan,0,True
2012000178018,West,Pacific,6,710171,Owner,Owner,Owned with loan,3,True
2012000299456,West,Pacific,6,552919,Owner,Owner,Owned with loan,3,True
2012000334630,West,Pacific,6,Renter,1623,1728,Rented,1,True
2012000354174,West,Pacific,6,4226536,Owner,Owner,Owned,3,True
2012000381466,West,Pacific,6,Renter,639,679,Rented,0,True
2012000449894,West,Pacific,6,Renter,3550,3794,Rented,2,True
2012000499030,West,Pacific,6,1420343,Owner,Owner,Owned with loan,4,True
2012000552909,West,Pacific,6,273923,Owner,Owner,Owned with loan,2,True
2012000621916,West,Pacific,6,Renter,1115,1217,Rented,2,True
2012000622881,West,Pacific,6,Renter,760,862,Rented,1,True
2012000676798,West,Pacific,6,Renter,2637,2939,Rented,2,True
2012000775206,West,Pacific,6,405812,Owner,Owner,Owned,2,True
2012000905147,West,Pacific,6,Renter,608,649,Rented,2,True
2012000945418,West,Pacific,6,Non-Family,Non-Family,Non-Family,Non-Family,Non-Family,Non-Family
2012000946605,West,Pacific,6,Non-Family,Non-Family,Non-Family,Non-Family,Non-Family,Non-Family
2012000985786,West,Pacific,6,1014530,Owner,Owner,Owned with loan,2,True
2012001000322,West,Pacific,6,304359,Owner,Owner,Owned,1,True
2012001345697,West,Pacific,6,913077,Owner,Owner,Owned with loan,2,True
2012001406159,West,Pacific,6,151165,Owner,Owner,Owned with loan,5,True
2013000102990,West,Pacific,6,380000,Owner,Owner,Owned,3,True
2013000156435,West,Pacific,6,800000,Owner,Owner,Owned with loan,1,True
2013000199522,West,Pacific,6,165000,Owner,Owner,Owned with loan,3,True
2013000461364,West,Pacific,6,150000,Owner,Owner,Owned,2,True
2013000477937,West,Pacific,6,Non-Family,Non-Family,Non-Family,Non-Family,Non-Family,Non-Family
2013000519806,West,Pacific,6,Non-Family,Non-Family,Non-Family,Non-Family,Non-Family,Non-Family
2013000552741,West,Pacific,6,Renter,1400,1438,Rented,2,False
2013000576507,West,Pacific,6,250000,Owner,Owner,Owned with loan,2,True
2013000595917,West,Pacific,6,Renter,1300,1617,Rented,3,True
2013000623047,West,Pacific,6,Renter,850,934,Rented,3,True
2013000724614,West,Pacific,6,Renter,500,845,Rented,0,True
2013000753847,West,Pacific,6,350,Owner,Owner,Owned with loan,1,True
2013000795625,West,Pacific,6,400000,Owner,Owner,Owned with loan,2,True
2013000855579,West,Pacific,6,Renter,1300,1360,Rented,1,True
2013000922119,West,Pacific,6,Renter,2000,2000,Rented,1,True
2013000936334,West,Pacific,6,Non-Family,Non-Family,Non-Family,Non-Family,Non-Family,Non-Family
2013000983850,West,Pacific,6,Non-Family,Non-Family,Non-Family,Non-Family,Non-Family,Non-Family
2013000995273,West,Pacific,6,Renter,1500,1610,Rented,2,True
2013001064345,West,Pacific,6,Renter,1300,1320,Rented,1,True
2013001092864,West,Pacific,6,400000,Owner,Owner,Owned with loan,1,True
2013001163709,West,Pacific,6,150000,Owner,Owner,Owned with loan,1,True
2013001196580,West,Pacific,6,Renter,630,712,Rented,1,True
2013001263762,West,Pacific,6,Renter,900,938,Rented,1,True
2013001294840,West,Pacific,6,Renter,900,1093,Rented,2,True
2013001315561,West,Pacific,6,550000,Owner,Owner,Owned with loan,2,True
2013001400348,West,Pacific,6,700000,Owner,Owner,Owned with loan,2,True
2013001430284,West,Pacific,6,Renter,880,970,Rented,0,True
2013001432246,West,Pacific,6,1200000,Owner,Owner,Owned with loan,1,True
2009000198177,West,Mountain,8,Renter,521,543,Rented,1,True
2009000376122,West,Mountain,8,152044,Owner,Owner,Owned with loan,2,True
2009000475553,West,Mountain,8,238927,Owner,Owner,Owned,2,True
2009000879929,West,Mountain,8,1087118,Owner,Owner,Owned with loan,2,True
2009001327440,West,Mountain,8,217206,Owner,Owner,Owned with loan,1,True
2010000076027,West,Mountain,8,192311,Owner,Owner,Owned with loan,1,True
2010000207653,West,Mountain,8,32051,Owner,Owner,Owned,3,True
2010000300447,West,Mountain,8,373938,Owner,Owner,Owned with loan,4,True
2010001138405,West,Mountain,8,Renter,512,651,Rented,1,True
2010001342464,West,Mountain,8,267098,Owner,Owner,Owned,2,True
2011000083210,West,Mountain,8,300360,Owner,Owner,Owned with loan,1,True
2011000505147,West,Mountain,8,Renter,807,849,Rented,1,True
2011001384274,West,Mountain,8,Non-Family,Non-Family,Non-Family,Non-Family,Non-Family,Non-Family
2011001480293,West,Mountain,8,331432,Owner,Owner,Owned with loan,1,True
2012001074316,West,Mountain,8,365231,Owner,Owner,Owned with loan,2,True
2013000138899,West,Mountain,8,400000,Owner,Owner,Owned with loan,2,True
2013000621005,West,Mountain,8,95000,Owner,Owner,Owned with loan,2,True
2009000506248,Northeast,New England,9,Renter,890,1067,Rented,1,True
2009000786139,Northeast,New England,9,456133,Owner,Owner,Owned with loan,5,True
2010000094788,Northeast,New England,9,213679,Owner,Owner,Owned with loan,2,True
2010000253785,Northeast,New England,9,373938,Owner,Owner,Owned with loan,3,True
2011000557304,Northeast,New England,9,258931,Owner,Owner,Owned,3,True
2012001430244,Northeast,New England,9,Renter,973,1095,Rented,1,True
2013000028066,Northeast,New England,9,Renter,400,400,Rented,0,True
2013000551290,Northeast,New England,9,165000,Owner,Owner,Owned,1,True
2013000862491,Northeast,New England,9,Renter,1200,1640,Rented,3,True
2013001390955,Northeast,New England,9,148000,Owner,Owner,Owned with loan,1,True
2009000024405,South,South Atlantic,10,81452,Owner,Owner,Owned with loan,1,True
2009001208535,South,South Atlantic,10,Non-Family,Non-Family,Non-Family,Non-Family,Non-Family,Non-Family
2012000326035,South,South Atlantic,10,Non-Family,Non-Family,Non-Family,Non-Family,Non-Family,Non-Family
2012001410005,South,South Atlantic,10,278996,Owner,Owner,Owned with loan,1,True
2009000142149,South,South Atlantic,11,Renter,825,825,Rented,0,True
2009000775513,South,South Atlantic,11,363820,Owner,Owner,Owned with loan,1,True
2010000270232,South,South Atlantic,11,245730,Owner,Owner,Owned with loan,0,True
2010000575969,South,South Atlantic,11,Renter,2243,2297,Rented,0,True
2009000099147,South,South Atlantic,12,Non-Family,Non-Family,Non-Family,Non-Family,Non-Family,Non-Family
2009000129509,South,South Atlantic,12,271508,Owner,Owner,Owned,2,True
2009000234328,South,South Atlantic,12,380111,Owner,Owner,Owned with loan,1,True
2009000344553,South,South Atlantic,12,92312,Owner,Owner,Owned with loan,2,True
2009000448415,South,South Atlantic,12,Renter,108,188,Rented,1,True
2009000519943,South,South Atlantic,12,217206,Owner,Owner,Owned,3,True
2009000725879,South,South Atlantic,12,217206,Owner,Owner,Owned with loan,2,True
2009000777267,South,South Atlantic,12,162904,Owner,Owner,Owned,1,True
2009001083209,South,South Atlantic,12,135754,Owner,Owner,Owned with loan,2,True
2009001225687,South,South Atlantic,12,325809,Owner,Owner,Owned,3,True
2009001275105,South,South Atlantic,12,244357,Owner,Owner,Owned with loan,1,True
2009001299052,South,South Atlantic,12,Non-Family,Non-Family,Non-Family,Non-Family,Non-Family,Non-Family
2010000027908,South,South Atlantic,12,347228,Owner,Owner,Owned,2,True
2010000028991,South,South Atlantic,12,267098,Owner,Owner,Owned with loan,3,True
2010000146475,South,South Atlantic,12,16025,Owner,Owner,Owned,2,True
2010000153925,South,South Atlantic,12,202995,Owner,Owner,Owned with loan,2,True
2010000278631,South,South Atlantic,12,Non-Family,Non-Family,Non-Family,Non-Family,Non-Family,Non-Family
2010000478016,South,South Atlantic,12,138891,Owner,Owner,Owned with loan,2,True
2010000537628,South,South Atlantic,12,Renter,908,1047,Rented,1,True
2010000573365,South,South Atlantic,12,106839,Owner,Owner,Owned with loan,2,True
2010000813377,South,South Atlantic,12,201926,Owner,Owner,Owned with loan,2,True
2010000832896,South,South Atlantic,12,200858,Owner,Owner,Owned with loan,2,True
2010000871872,South,South Atlantic,12,133549,Owner,Owner,Owned,1,True
2010000889151,South,South Atlantic,12,309834,Owner,Owner,Owned,1,True
2010000926436,South,South Atlantic,12,85471,Owner,Owner,Owned with loan,1,True
2010001065804,South,South Atlantic,12,186969,Owner,Owner,Owned with loan,1,True
2010001130560,South,South Atlantic,12,85471,Owner,Owner,Owned,1,True
2010001255041,South,South Atlantic,12,117523,Owner,Owner,Owned,0,True
2010001322122,South,South Atlantic,12,186969,Owner,Owner,Owned,2,True
2010001362649,South,South Atlantic,12,Renter,1068,1175,Rented,3,True
2011000025688,South,South Atlantic,12,1035725,Owner,Owner,Non-Family,Non-Family,Non-Family
2011000439815,South,South Atlantic,12,181251,Owner,Owner,Owned with loan,1,True
2011000444487,South,South Atlantic,12,Non-Family,Non-Family,Non-Family,Non-Family,Non-Family,Non-Family
2011000489172,South,South Atlantic,12,31071,Owner,Owner,Owned with loan,3,True
2011000567848,South,South Atlantic,12,Renter,1139,1242,Rented,2,True
2011000645965,South,South Atlantic,12,2785064,Owner,Owner,Owned with loan,2,True
2011000881694,South,South Atlantic,12,321074,Owner,Owner,Owned with loan,3,True
2011000894502,South,South Atlantic,12,362503,Owner,Owner,Owned with loan,2,True
2011000933276,South,South Atlantic,12,Renter,725,828,Rented,1,True
2011001005924,South,South Atlantic,12,181251,Owner,Owner,Owned with loan,2,True
2012000035316,South,South Atlantic,12,101453,Owner,Owner,Owned with loan,2,True
2012000135333,South,South Atlantic,12,50726,Owner,Owner,Owned with loan,2,True
2012000147139,South,South Atlantic,12,248560,Owner,Owner,Owned with loan,2,True
2012000399889,South,South Atlantic,12,76089,Owner,Owner,Owned,2,True
2012000428280,South,South Atlantic,12,50726,Owner,Owner,Owned,0,True
2012000774242,South,South Atlantic,12,14203,Owner,Owner,Owned with loan,2,True
2012001070949,South,South Atlantic,12,121743,Owner,Owner,Owned with loan,1,True
2012001122450,South,South Atlantic,12,121743,Owner,Owner,Owned with loan,2,True
2012001145033,South,South Atlantic,12,Renter,1217,1359,Rented,1,True
2012001284676,South,South Atlantic,12,35508,Owner,Owner,Owned,0,True
2012001307987,South,South Atlantic,12,Non-Family,Non-Family,Non-Family,Non-Family,Non-Family,Non-Family
2012001448307,South,South Atlantic,12,Renter,608,679,Rented,1,True
2012001461436,South,South Atlantic,12,20290,Owner,Owner,Owned with loan,2,True
2013000122156,South,South Atlantic,12,Renter,1300,1470,Rented,2,True
2013000251281,South,South Atlantic,12,Non-Family,Non-Family,Non-Family,Non-Family,2,True
2013000317327,South,South Atlantic,12,Non-Family,Non-Family,Non-Family,Non-Family,Non-Family,Non-Family
2013000445861,South,South Atlantic,12,80000,Owner,Owner,Owned with loan,1,True
2013000452231,South,South Atlantic,12,170000,Owner,Owner,Owned with loan,1,True
2013000518838,South,South Atlantic,12,Non-Family,Non-Family,Non-Family,Non-Family,Non-Family,Non-Family
2013000743419,South,South Atlantic,12,Non-Family,Non-Family,Non-Family,Non-Family,0,True
2013000872395,South,South Atlantic,12,70000,Owner,Owner,Owned with loan,1,True
2013000941193,South,South Atlantic,12,200000,Owner,Owner,Owned with loan,4,True
2013001015537,South,South Atlantic,12,70000,Owner,Owner,Owned,1,True
2013001098733,South,South Atlantic,12,70000,Owner,Owner,Owned,1,True
2013001108486,South,South Atlantic,12,275000,Owner,Owner,Owned,2,True
2013001163925,South,South Atlantic,12,8000,Owner,Owner,Owned,2,True
2013001182932,South,South Atlantic,12,Renter,50,50,Rented,1,True
2013001295053,South,South Atlantic,12,Renter,230,230,Rented,1,True
2013001299403,South,South Atlantic,12,Renter,300,453,Rented,1,True
2013001403786,South,South Atlantic,12,250000,Owner,Owner,Owned with loan,2,True
2013001423548,South,South Atlantic,12,4000,Owner,Owner,Owned,1,True
2013001475358,South,South Atlantic,12,Renter,1400,1524,Rented,2,True
2013001484341,South,South Atlantic,12,Non-Family,Non-Family,Non-Family,Non-Family,2,True
2009000314929,South,South Atlantic,13,108603,Owner,Owner,Owned with loan,3,True
2009000489461,South,South Atlantic,13,Renter,543,716,Rented,2,True
2009001162655,South,South Atlantic,13,3258,Owner,Owner,Owned,1,True
2009001168173,South,South Atlantic,13,54301,Owner,Owner,Owned,4,True
2009001383396,South,South Atlantic,13,Renter,868,1298,Rented,1,True
2010000571343,South,South Atlantic,13,149575,Owner,Owner,Owned with loan,4,True
2010000636681,South,South Atlantic,13,21367,Owner,Owner,Owned,3,True
2010000708812,South,South Atlantic,13,Renter,694,822,Rented,1,True
2010000792220,South,South Atlantic,13,Renter,352,918,Rented,1,True
2010001015468,South,South Atlantic,13,138891,Owner,Owner,Owned with loan,3,True
2010001260797,South,South Atlantic,13,347228,Owner,Owner,Owned with loan,2,True
2011000120185,South,South Atlantic,13,Non-Family,Non-Family,Non-Family,Non-Family,2,True
2011000144323,South,South Atlantic,13,258931,Owner,Owner,Owned with loan,2,True
2011000341530,South,South Atlantic,13,400825,Owner,Owner,Owned,2,True
2011000404216,South,South Atlantic,13,Renter,621,776,Rented,1,True
2011000468625,South,South Atlantic,13,378039,Owner,Owner,Owned with loan,2,True
2011000482076,South,South Atlantic,13,22785,Owner,Owner,Owned,1,True
2011000536546,South,South Atlantic,13,20714,Owner,Owner,Owned with loan,1,True
2011000736268,South,South Atlantic,13,77679,Owner,Owner,Owned with loan,1,True
2011000912378,South,South Atlantic,13,207145,Owner,Owner,Owned,2,True
2011000947899,South,South Atlantic,13,82858,Owner,Owner,Owned,1,True
2011000958744,South,South Atlantic,13,Non-Family,Non-Family,Non-Family,Non-Family,Non-Family,Non-Family
2011001401901,South,South Atlantic,13,155358,Owner,Owner,Owned,3,True
2011001406317,South,South Atlantic,13,51786,Owner,Owner,Owned with loan,2,True
2012000385382,South,South Atlantic,13,Renter,1014,1110,Rented,2,True
2012000934012,South,South Atlantic,13,30435,Owner,Owner,Owned,2,True
2013000228907,South,South Atlantic,13,58000,Owner,Owner,Owned,3,True
2013000453272,South,South Atlantic,13,Non-Family,Non-Family,Non-Family,Non-Family,Non-Family,Non-Family
2013000472182,South,South Atlantic,13,150000,Owner,Owner,Owned with loan,2,True
2013000627633,South,South Atlantic,13,Renter,450,530,Rented,1,True
2013000830852,South,South Atlantic,13,Renter,910,983,Rented,2,True
2013001018020,South,South Atlantic,13,Renter,1100,1320,Rented,0,True
2011000164871,West,Pacific,15,Renter,414,414,Rented,0,True
2011000209977,West,Pacific,15,Renter,1346,1450,Rented,1,False
2013000400906,West,Pacific,15,Renter,900,1220,Rented,2,True
2013000803610,West,Pacific,15,3972000,Owner,Owner,Owned,1,True
2013001044781,West,Pacific,15,230000,Owner,Owner,Owned with loan,2,True
2013001459964,West,Pacific,15,Renter,1200,1320,Rented,0,True
2011000910420,West,Mountain,16,170894,Owner,Owner,Owned with loan,2,True
2012000609976,West,Mountain,16,Non-Family,Non-Family,Non-Family,Non-Family,Non-Family,Non-Family
2013000024321,West,Mountain,16,Non-Family,Non-Family,Non-Family,Non-Family,Non-Family,Non-Family
2013000916965,West,Mountain,16,40000,Owner,Owner,Owned with loan,1,True
2013001307098,West,Mountain,16,95000,Owner,Owner,Owned,2,True
2009000206050,Midwest,East North Central,17,Renter,488,553,Rented,2,True
2009000300975,Midwest,East North Central,17,787373,Owner,Owner,Owned with loan,2,True
2009000524447,Midwest,East North Central,17,456133,Owner,Owner,Owned with loan,2,True
2009000637884,Midwest,East North Central,17,54301,Owner,Owner,Owned with loan,1,True
2009000730479,Midwest,East North Central,17,Non-Family,Non-Family,Non-Family,Non-Family,Non-Family,Non-Family
2009000861278,Midwest,East North Central,17,Non-Family,Non-Family,Non-Family,Non-Family,Non-Family,Non-Family
2009000924458,Midwest,East North Central,17,439842,Owner,Owner,Owned with loan,2,True
2009000927456,Midwest,East North Central,17,Non-Family,Non-Family,Non-Family,Non-Family,Non-Family,Non-Family
2009000935758,Midwest,East North Central,17,380111,Owner,Owner,Owned with loan,1,True
2009001035749,Midwest,East North Central,17,271508,Owner,Owner,Owned with loan,3,True
2009001094503,Midwest,East North Central,17,141184,Owner,Owner,Owned,0,True
2009001107284,Midwest,East North Central,17,868825,Owner,Owner,Owned with loan,1,True
2009001154907,Midwest,East North Central,17,46156,Owner,Owner,Owned with loan,2,True
2010000131746,Midwest,East North Central,17,213679,Owner,Owner,Owned,0,True
2010000607440,Midwest,East North Central,17,Non-Family,Non-Family,Non-Family,Non-Family,Non-Family,Non-Family
2010000609572,Midwest,East North Central,17,Non-Family,Non-Family,Non-Family,Non-Family,Non-Family,Non-Family
2010000673500,Midwest,East North Central,17,576933,Owner,Owner,Owned with loan,1,True
2010000837183,Midwest,East North Central,17,641037,Owner,Owner,Owned,2,True
2010001058283,Midwest,East North Central,17,Non-Family,Non-Family,Non-Family,Non-Family,Non-Family,Non-Family
2010001097533,Midwest,East North Central,17,Renter,715,811,Rented,1,True
2010001242835,Midwest,East North Central,17,Non-Family,Non-Family,Non-Family,Non-Family,1,True
2010001273448,Midwest,East North Central,17,105771,Owner,Owner,Non-Family,Non-Family,Non-Family
2011000148137,Midwest,East North Central,17,172966,Owner,Owner,Owned,0,True
2011000392867,Midwest,East North Central,17,Non-Family,Non-Family,Non-Family,Non-Family,Non-Family,Non-Family
2011000485509,Midwest,East North Central,17,258931,Owner,Owner,Owned,2,True
2011000615780,Midwest,East North Central,17,176073,Owner,Owner,Owned,1,True
2011000751181,Midwest,East North Central,17,72500,Owner,Owner,Owned,2,True
2011000797656,Midwest,East North Central,17,Non-Family,Non-Family,Non-Family,Non-Family,Non-Family,Non-Family
2011000855715,Midwest,East North Central,17,98393,Owner,Owner,Owned with loan,3,True
2011001332777,Midwest,East North Central,17,103572,Owner,Owner,Owned,2,True
2012000216850,Midwest,East North Central,17,Non-Family,Non-Family,Non-Family,Non-Family,Non-Family,Non-Family
2012000601330,Midwest,East North Central,17,Renter,50,750,Rented,1,True
2012000632484,Midwest,East North Central,17,60871,Owner,Owner,Owned,2,True
2012000645431,Midwest,East North Central,17,Renter,781,781,Rented,0,True
2012000652479,Midwest,East North Central,17,Renter,273,385,Rented,1,False
2012000672836,Midwest,East North Central,17,557992,Owner,Owner,Owned with loan,3,True
2012000834344,Midwest,East North Central,17,Non-Family,Non-Family,Non-Family,Non-Family,Non-Family,Non-Family
2012001066436,Midwest,East North Central,17,Renter,720,720,Rented,1,True
2012001236357,Midwest,East North Central,17,Non-Family,Non-Family,Non-Family,Non-Family,Non-Family,Non-Family
2013000061527,Midwest,East North Central,17,Renter,430,505,Rented,1,True
2013000096290,Midwest,East North Central,17,Renter,1100,1540,Rented,1,False
2013000241353,Midwest,East North Central,17,10000,Owner,Owner,Owned with loan,2,True
2013000535726,Midwest,East North Central,17,Renter,800,862,Rented,1,True
2013000774321,Midwest,East North Central,17,110000,Owner,Owner,Owned,2,True
2013000789805,Midwest,East North Central,17,Renter,600,853,Rented,1,True
2013000878392,Midwest,East North Central,17,140000,Owner,Owner,Owned,3,True
2013001273691,Midwest,East North Central,17,150000,Owner,Owner,Owned with loan,3,True
2013001389416,Midwest,East North Central,17,160000,Owner,Owner,Owned with loan,1,True
2009000021130,Midwest,East North Central,18,135754,Owner,Owner,Owned with loan,4,True
2009000089038,Midwest,East North Central,18,108603,Owner,Owner,Owned,3,True
2009001025430,Midwest,East North Central,18,271508,Owner,Owner,Owned with loan,1,True
2009001164452,Midwest,East North Central,18,76022,Owner,Owner,Owned,1,True
2009001379618,Midwest,East North Central,18,184625,Owner,Owner,Owned with loan,2,True
2010000215888,Midwest,East North Central,18,106839,Owner,Owner,Owned with loan,2,True
2010000258328,Midwest,East North Central,18,106839,Owner,Owner,Owned with loan,2,True
2010000616698,Midwest,East North Central,18,186969,Owner,Owner,Owned,2,True
2010000791187,Midwest,East North Central,18,Non-Family,Non-Family,Non-Family,Non-Family,Non-Family,Non-Family
2010001284178,Midwest,East North Central,18,3205,Owner,Owner,Owned,1,True
2011000765348,Midwest,East North Central,18,Renter,445,507,Rented,0,True
2011000931673,Midwest,East North Central,18,Non-Family,Non-Family,Non-Family,Non-Family,Non-Family,Non-Family
2012000261472,Midwest,East North Central,18,192760,Owner,Owner,Owned with loan,3,True
2012000263191,Midwest,East North Central,18,59857,Owner,Owner,Owned with loan,2,True
2012000421823,Midwest,East North Central,18,Renter,405,771,Rented,2,True
2012000572664,Midwest,East North Central,18,30435,Owner,Owner,Owned with loan,2,True
2012000681454,Midwest,East North Central,18,101453,Owner,Owner,Owned with loan,1,False
2012000706889,Midwest,East North Central,18,Renter,405,608,Rented,0,False
2012001157129,Midwest,East North Central,18,405812,Owner,Owner,Owned,2,True
2012001425117,Midwest,East North Central,18,81162,Owner,Owner,Owned,2,True
2013000029471,Midwest,East North Central,18,40000,Owner,Owner,Owned with loan,0,False
2013000211844,Midwest,East North Central,18,65000,Owner,Owner,Owned with loan,1,True
2013001045722,Midwest,East North Central,18,80000,Owner,Owner,Owned,4,True
2013001112627,Midwest,East North Central,18,150000,Owner,Owner,Owned with loan,2,True
2013001151887,Midwest,East North Central,18,Non-Family,Non-Family,Non-Family,Non-Family,Non-Family,Non-Family
2009000383425,Midwest,West North Central,19,217206,Owner,Owner,Owned with loan,3,True
2009000506188,Midwest,West North Central,19,43441,Owner,Owner,Owned with loan,2,True
2010000090383,Midwest,West North Central,19,5341,Owner,Owner,Owned,1,True
2010000212988,Midwest,West North Central,19,149575,Owner,Owner,Owned with loan,4,True
2010000559911,Midwest,West North Central,19,80129,Owner,Owner,Owned,3,True
2010000699160,Midwest,West North Central,19,Renter,491,726,Rented,1,True
2010000923966,Midwest,West North Central,19,320518,Owner,Owner,Owned with loan,2,True
2011000304850,Midwest,West North Central,19,134644,Owner,Owner,Owned,1,True
2011000807128,Midwest,West North Central,19,Non-Family,Non-Family,Non-Family,Non-Family,Non-Family,Non-Family
2011001463470,Midwest,West North Central,19,51786,Owner,Owner,Owned,2,True
2012000554800,Midwest,West North Central,19,Renter,405,776,Rented,2,True
2012000993733,Midwest,West North Central,19,Non-Family,Non-Family,Non-Family,Non-Family,Non-Family,Non-Family
2012001031632,Midwest,West North Central,19,Non-Family,Non-Family,Non-Family,Non-Family,Non-Family,Non-Family
2012001414040,Midwest,West North Central,19,253632,Owner,Owner,Owned with loan,2,True
2009000425189,Midwest,West North Central,20,Renter,271,381,Rented,2,True
2009001055137,Midwest,West North Central,20,244357,Owner,Owner,Owned with loan,2,True
2010000827285,Midwest,West North Central,20,42735,Owner,Owner,Owned,3,True
2011000570075,Midwest,West North Central,20,315896,Owner,Owner,Owned with loan,3,True
2012000251067,Midwest,West North Central,20,Renter,202,379,Rented,2,True
2012000325187,Midwest,West North Central,20,Non-Family,Non-Family,Non-Family,Non-Family,3,True
2012000954882,Midwest,West North Central,20,253632,Owner,Owner,Owned with loan,2,True
2012001485195,Midwest,West North Central,20,Renter,405,585,Rented,1,True
2013000037752,Midwest,West North Central,20,80000,Owner,Owner,Owned,1,True
2013000124756,Midwest,West North Central,20,Renter,750,925,Rented,2,True
2013000922949,Midwest,West North Central,20,35000,Owner,Owner,Owned,0,True
2013001080961,Midwest,West North Central,20,Renter,110,110,Rented,1,True
2013001211723,Midwest,West North Central,20,Renter,540,650,Rented,1,True
2009000023408,South,East South Central,21,Renter,868,1396,Rented,2,True
2009001278600,South,East South Central,21,108603,Owner,Owner,Owned with loan,3,True
2009001326898,South,East South Central,21,412692,Owner,Owner,Owned,1,True
2009001366119,South,East South Central,21,13575,Owner,Owner,Owned,1,True
2010000547055,South,East South Central,21,Renter,352,633,Rented,1,True
2010001183164,South,East South Central,21,233978,Owner,Owner,Non-Family,Non-Family,Non-Family
2010001205346,South,East South Central,21,Renter,459,779,Rented,2,True
2011000233323,South,East South Central,21,Renter,1035,1180,Rented,2,True
2011001317003,South,East South Central,21,Renter,176,269,Rented,2,False
2011001319548,South,East South Central,21,Renter,414,528,Rented,1,True
2011001385371,South,East South Central,21,129465,Owner,Owner,Owned with loan,3,True
2012000067299,South,East South Central,21,Renter,2029,2029,Rented,0,True
2012001447485,South,East South Central,21,278996,Owner,Owner,Owned with loan,3,True
2013000374844,South,East South Central,21,Non-Family,Non-Family,Non-Family,Non-Family,Non-Family,Non-Family
2009000105952,South,West South Central,22,217206,Owner,Owner,Owned with loan,2,True
2009000196774,South,West South Central,22,Non-Family,Non-Family,Non-Family,Non-Family,Non-Family,Non-Family
2009000651326,South,West South Central,22,Non-Family,Non-Family,Non-Family,Non-Family,Non-Family,Non-Family
2010000991896,South,West South Central,22,17094,Owner,Owner,Owned,1,True
2011000154142,South,West South Central,22,5178,Owner,Owner,Owned,2,True
2011000195003,South,West South Central,22,Non-Family,Non-Family,Non-Family,Non-Family,2,True
2011000337461,South,West South Central,22,207145,Owner,Owner,Owned,2,True
2011001080622,South,West South Central,22,Non-Family,Non-Family,Non-Family,Non-Family,1,True
2011001289174,South,West South Central,22,93215,Owner,Owner,Owned with loan,0,True
2012000812881,South,West South Central,22,319577,Owner,Owner,Owned with loan,2,False
2012000961726,South,West South Central,22,101453,Owner,Owner,Owned with loan,4,True
2013000595563,South,West South Central,22,30000,Owner,Owner,Owned,2,True
2013000701114,South,West South Central,22,65000,Owner,Owner,Owned,2,True
2013000721419,South,West South Central,22,200000,Owner,Owner,Owned,1,True
2013000833551,South,West South Central,22,Renter,630,780,Rented,2,True
2013001170502,South,West South Central,22,150000,Owner,Owner,Owned with loan,1,True
2009000082076,Northeast,New England,23,173765,Owner,Owner,Owned with loan,1,True
2009000787681,Northeast,New England,23,Renter,184,206,Rented,0,True
2009000819384,Northeast,New England,23,Non-Family,Non-Family,Non-Family,Non-Family,Non-Family,Non-Family
2009000928037,Northeast,New England,23,Non-Family,Non-Family,Non-Family,Non-Family,Non-Family,Non-Family
2011000983450,Northeast,New England,23,258931,Owner,Owner,Owned with loan,4,True
2012001090081,Northeast,New England,23,202906,Owner,Owner,Owned with loan,2,True
2012001309807,Northeast,New England,23,182615,Owner,Owner,Owned,1,True
2013000901506,Northeast,New England,23,150000,Owner,Owner,Owned,2,True
2013001445105,Northeast,New England,23,300000,Owner,Owner,Owned with loan,2,True
2009000161899,South,South Atlantic,24,244357,Owner,Owner,Owned with loan,2,True
2009000717319,South,South Atlantic,24,195485,Owner,Owner,Owned,2,True
2009000807872,South,South Atlantic,24,Non-Family,Non-Family,Non-Family,Non-Family,Non-Family,Non-Family
2009001332224,South,South Atlantic,24,Renter,195,195,Rented,0,True
2009001339376,South,South Atlantic,24,304088,Owner,Owner,Owned with loan,1,True
2009001374572,South,South Atlantic,24,Non-Family,Non-Family,Non-Family,Non-Family,Non-Family,Non-Family
2010000172931,South,South Atlantic,24,320518,Owner,Owner,Owned with loan,2,True
2010000197193,South,South Atlantic,24,175216,Owner,Owner,Owned with loan,0,True
2010000901376,South,South Atlantic,24,267098,Owner,Owner,Owned with loan,2,True
2010001119224,South,South Atlantic,24,357912,Owner,Owner,Owned,1,True
2010001129546,South,South Atlantic,24,233978,Owner,Owner,Owned,1,True
2011000395587,South,South Atlantic,24,31071,Owner,Owner,Owned with loan,1,True
2011000398340,South,South Atlantic,24,Renter,207,207,Rented,0,True
2012000166492,South,South Atlantic,24,1420,Owner,Owner,Owned with loan,1,True
2012000206101,South,South Atlantic,24,304359,Owner,Owner,Owned,2,True
2012000649304,South,South Atlantic,24,101453,Owner,Owner,Owned,2,True
2012000768152,South,South Atlantic,24,Renter,253,542,Rented,3,True
2013000220238,South,South Atlantic,24,260000,Owner,Owner,Owned with loan,1,True
2013000237313,South,South Atlantic,24,Renter,1000,1000,Rented,1,False
2013001046668,South,South Atlantic,24,Renter,2000,2244,Rented,1,True
2013001180723,South,South Atlantic,24,Renter,800,1133,Rented,2,True
2013001344704,South,South Atlantic,24,400000,Owner,Owner,Owned,1,True
2009000157065,Northeast,New England,25,179195,Owner,Owner,Owned with loan,3,True
2009000422477,Northeast,New England,25,488714,Owner,Owner,Owned with loan,3,True
2009000881313,Northeast,New England,25,162904,Owner,Owner,Owned,1,True
2009000989626,Northeast,New England,25,651619,Owner,Owner,Owned,1,True
2009000999014,Northeast,New England,25,Renter,1194,1238,Rented,1,True
2009001158265,Northeast,New England,25,Renter,488,597,Rented,1,True
2010000774004,Northeast,New England,25,149575,Owner,Owner,Owned with loan,1,True
2010000940256,Northeast,New England,25,Renter,267,267,Rented,1,True
2011000308413,Northeast,New England,25,Renter,1760,1760,Rented,3,True
2011000374363,Northeast,New England,25,Non-Family,Non-Family,Non-Family,Non-Family,Non-Family,Non-Family
2011001089992,Northeast,New England,25,169858,Owner,Owner,Non-Family,Non-Family,Non-Family
2011001143055,Northeast,New England,25,Renter,103,103,Rented,0,True
2011001281294,Northeast,New England,25,Non-Family,Non-Family,Non-Family,Non-Family,Non-Family,Non-Family
2011001331003,Northeast,New England,25,Renter,932,932,Rented,2,True
2011001500976,Northeast,New England,25,Non-Family,Non-Family,Non-Family,Non-Family,Non-Family,Non-Family
2012000512883,Northeast,New England,25,Renter,1724,1897,Rented,3,True
2012001370375,Northeast,New England,25,Renter,1217,1217,Rented,0,True
2013000391512,Northeast,New England,25,400000,Owner,Owner,Owned with loan,2,True
2013000395489,Northeast,New England,25,650000,Owner,Owner,Owned with loan,4,True
2013001296188,Northeast,New England,25,Non-Family,Non-Family,Non-Family,Non-Family,Non-Family,Non-Family
2009000114065,Midwest,East North Central,26,179195,Owner,Owner,Owned with loan,1,True
2009000359465,Midwest,East North Central,26,Renter,684,705,Rented,1,False
2009000879590,Midwest,East North Central,26,325809,Owner,Owner,Owned with loan,1,True
2009001195638,Midwest,East North Central,26,107517,Owner,Owner,Owned with loan,2,True
2009001362972,Midwest,East North Central,26,114033,Owner,Owner,Owned with loan,2,True
2010000098642,Midwest,East North Central,26,Non-Family,Non-Family,Non-Family,Non-Family,Non-Family,Non-Family
2010000513556,Midwest,East North Central,26,160259,Owner,Owner,Owned with loan,2,True
2010000958838,Midwest,East North Central,26,Non-Family,Non-Family,Non-Family,Non-Family,Non-Family,Non-Family
2010001075494,Midwest,East North Central,26,14957,Owner,Owner,Owned,2,True
2010001363238,Midwest,East North Central,26,64103,Owner,Owner,Owned,1,True
2011000360110,Midwest,East North Central,26,Renter,93,176,Rented,0,True
2011000422342,Midwest,East North Central,26,155358,Owner,Owner,Owned with loan,2,True
2011000463577,Midwest,East North Central,26,49714,Owner,Owner,Owned with loan,4,True
2011000469494,Midwest,East North Central,26,31071,Owner,Owner,Owned,1,True
2011000565852,Midwest,East North Central,26,20714,Owner,Owner,Owned with loan,1,True
2011000581602,Midwest,East North Central,26,Renter,569,600,Rented,1,True
2011000584180,Midwest,East North Central,26,15535,Owner,Owner,Owned,2,True
2011000702748,Midwest,East North Central,26,41429,Owner,Owner,Owned,4,True
2011000952670,Midwest,East North Central,26,Non-Family,Non-Family,Non-Family,Non-Family,2,True
2011001029520,Midwest,East North Central,26,Non-Family,Non-Family,Non-Family,Non-Family,Non-Family,Non-Family
2011001356916,Midwest,East North Central,26,145001,Owner,Owner,Owned with loan,2,True
2011001469209,Midwest,East North Central,26,Non-Family,Non-Family,Non-Family,Non-Family,Non-Family,Non-Family
2011001497485,Midwest,East North Central,26,98393,Owner,Owner,Owned with loan,2,True
2012000078549,Midwest,East North Central,26,90293,Owner,Owner,Owned with loan,0,True
2012000091347,Midwest,East North Central,26,121743,Owner,Owner,Owned,1,True
2012000128522,Midwest,East North Central,26,76089,Owner,Owner,Owned,2,True
2012000421264,Midwest,East North Central,26,Non-Family,Non-Family,Non-Family,Non-Family,Non-Family,Non-Family
2012000686088,Midwest,East North Central,26,263778,Owner,Owner,Owned with loan,2,True
2012001178834,Midwest,East North Central,26,Renter,131,189,Rented,1,False
2012001318220,Midwest,East North Central,26,Non-Family,Non-Family,Non-Family,Non-Family,Non-Family,Non-Family
2013000068913,Midwest,East North Central,26,200000,Owner,Owner,Owned with loan,3,True
2013000503714,Midwest,East North Central,26,Renter,680,1007,Rented,2,True
2013000578007,Midwest,East North Central,26,120000,Owner,Owner,Owned with loan,1,True
2013000638849,Midwest,East North Central,26,Non-Family,Non-Family,Non-Family,Non-Family,Non-Family,Non-Family
2013001106086,Midwest,East North Central,26,Non-Family,Non-Family,Non-Family,Non-Family,Non-Family,Non-Family
2013001265071,Midwest,East North Central,26,Renter,450,530,Rented,1,True
2013001320936,Midwest,East North Central,26,40000,Owner,Owner,Owned,1,True
2009000076445,Midwest,West North Central,27,130323,Owner,Owner,Owned with loan,2,True
2009000162111,Midwest,West North Central,27,14118,Owner,Owner,Owned with loan,2,True
2009000336045,Midwest,West North Central,27,195485,Owner,Owner,Owned with loan,2,True
2009000425171,Midwest,West North Central,27,249787,Owner,Owner,Owned,3,True
2009000767581,Midwest,West North Central,27,543016,Owner,Owner,Owned with loan,3,True
2009000797536,Midwest,West North Central,27,217206,Owner,Owner,Owned with loan,2,True
2009001070698,Midwest,West North Central,27,325809,Owner,Owner,Owned,2,True
2010000778527,Midwest,West North Central,27,85471,Owner,Owner,Owned,2,True
2010001181212,Midwest,West North Central,27,Non-Family,Non-Family,Non-Family,Non-Family,Non-Family,Non-Family
2010001246133,Midwest,West North Central,27,Renter,673,822,Rented,1,True
2011000293599,Midwest,West North Central,27,Renter,362,559,Rented,2,True
2011000618592,Midwest,West North Central,27,Renter,704,749,Rented,1,True
2011000646763,Midwest,West North Central,27,56964,Owner,Owner,Owned,2,True
2011001142839,Midwest,West North Central,27,16571,Owner,Owner,Owned,1,True
2011001240818,Midwest,West North Central,27,414290,Owner,Owner,Owned with loan,2,True
2011001466700,Midwest,West North Central,27,258931,Owner,Owner,Owned with loan,2,True
2012000086802,Midwest,West North Central,27,162324,Owner,Owner,Owned with loan,2,True
2012000217465,Midwest,West North Central,27,99424,Owner,Owner,Owned,2,True
2012000661193,Midwest,West North Central,27,Non-Family,Non-Family,Non-Family,Non-Family,Non-Family,Non-Family
2012000797527,Midwest,West North Central,27,Non-Family,Non-Family,Non-Family,Non-Family,Non-Family,Non-Family
2012001121808,Midwest,West North Central,27,253632,Owner,Owner,Owned with loan,3,True
2013000038740,Midwest,West North Central,27,140000,Owner,Owner,Owned,1,True
2013000914012,Midwest,West North Central,27,225000,Owner,Owner,Owned with loan,3,True
2013001309685,Midwest,West North Central,27,Renter,700,840,Rented,2,True
2013001331175,Midwest,West North Central,27,175000,Owner,Owner,Owned with loan,3,True
2009000130539,South,East South Central,28,Renter,705,982,Rented,1,True
2009000398874,South,East South Central,28,Renter,521,700,Rented,1,True
2009000544494,South,East South Central,28,Non-Family,Non-Family,Non-Family,Non-Family,Non-Family,Non-Family
2010000591044,South,East South Central,28,144233,Owner,Owner,Owned with loan,2,True
2010000675564,South,East South Central,28,112181,Owner,Owner,Owned with loan,3,True
2010000898437,South,East South Central,28,213679,Owner,Owner,Owned with loan,2,True
2010000961630,South,East South Central,28,Renter,1068,1169,Rented,2,True
2011000043828,South,East South Central,28,62143,Owner,Owner,Owned,3,True
2011000087663,South,East South Central,28,Non-Family,Non-Family,Non-Family,Non-Family,Non-Family,Non-Family
2011000434702,South,East South Central,28,134644,Owner,Owner,Owned with loan,2,True
2011000748268,South,East South Central,28,Non-Family,Non-Family,Non-Family,Non-Family,2,True
2011000815879,South,East South Central,28,82858,Owner,Owner,Owned,1,True
2012000063345,South,East South Central,28,202906,Owner,Owner,Owned,2,True
2012000884089,South,East South Central,28,126816,Owner,Owner,Owned with loan,1,True
2012000904998,South,East South Central,28,Renter,1115,1278,Rented,3,True
2013000741992,South,East South Central,28,Non-Family,Non-Family,Non-Family,Non-Family,Non-Family,Non-Family
2013000889497,South,East South Central,28,Renter,350,530,Rented,3,True
2009000010093,Midwest,West North Central,29,Non-Family,Non-Family,Non-Family,Non-Family,Non-Family,Non-Family
2009000716362,Midwest,West North Central,29,78194,Owner,Owner,Owned with loan,4,True
2009000857293,Midwest,West North Central,29,59731,Owner,Owner,Owned with loan,2,True
2009001010224,Midwest,West North Central,29,152044,Owner,Owner,Owned with loan,3,True
2009001220248,Midwest,West North Central,29,141184,Owner,Owner,Owned with loan,2,True
2010000231571,Midwest,West North Central,29,Non-Family,Non-Family,Non-Family,Non-Family,Non-Family,Non-Family
2010001071265,Midwest,West North Central,29,112181,Owner,Owner,Owned with loan,2,True
2010001276769,Midwest,West North Central,29,20299,Owner,Owner,Owned,2,True
2011001081249,Midwest,West North Central,29,41429,Owner,Owner,Owned with loan,2,True
2011001090127,Midwest,West North Central,29,258931,Owner,Owner,Owned with loan,4,True
2011001098903,Midwest,West North Central,29,Non-Family,Non-Family,Non-Family,Non-Family,Non-Family,Non-Family
2011001118504,Midwest,West North Central,29,Non-Family,Non-Family,Non-Family,Non-Family,Non-Family,Non-Family
2012000041861,Midwest,West North Central,29,Non-Family,Non-Family,Non-Family,Non-Family,Non-Family,Non-Family
2012000277982,Midwest,West North Central,29,Renter,355,467,Rented,2,True
2012000476924,Midwest,West North Central,29,152179,Owner,Owner,Owned,2,True
2012000517958,Midwest,West North Central,29,81162,Owner,Owner,Owned with loan,2,True
2012000807349,Midwest,West North Central,29,81162,Owner,Owner,Owned with loan,3,True
2012000807723,Midwest,West North Central,29,20290,Owner,Owner,Owned with loan,1,True
2012000807933,Midwest,West North Central,29,111598,Owner,Owner,Owned with loan,2,True
2012000961709,Midwest,West North Central,29,284068,Owner,Owner,Owned,2,True
2012001230952,Midwest,West North Central,29,182615,Owner,Owner,Owned with loan,6+,True
2013000258587,Midwest,West North Central,29,Non-Family,Non-Family,Non-Family,Non-Family,Non-Family,Non-Family
2013000390732,Midwest,West North Central,29,Renter,40,170,Rented,2,True
2013000612779,Midwest,West North Central,29,Renter,700,900,Rented,3,True
2013001365213,Midwest,West North Central,29,Non-Family,Non-Family,Non-Family,Non-Family,Non-Family,Non-Family
2009001374228,West,Mountain,30,Non-Family,Non-Family,Non-Family,Non-Family,Non-Family,Non-Family
2010001008931,West,Mountain,30,21367,Owner,Owner,Owned with loan,4,True
2011000884802,West,Mountain,30,Renter,445,548,Rented,1,True
2012000131583,West,Mountain,30,131889,Owner,Owner,Owned,2,True
2009000783384,Midwest,West North Central,31,358390,Owner,Owner,Owned,3,True
2010000840488,Midwest,West North Central,31,103634,Owner,Owner,Owned,2,True
2010000949330,Midwest,West North Central,31,128207,Owner,Owner,Owned,1,True
2011000442614,Midwest,West North Central,31,25893,Owner,Owner,Owned,1,True
2011001104802,Midwest,West North Central,31,61107,Owner,Owner,Owned with loan,2,True
2011001195192,Midwest,West North Central,31,8285,Owner,Owner,Owned,4,True
2011001285274,Midwest,West North Central,31,78715,Owner,Owner,Owned with loan,1,True
2012000310591,Midwest,West North Central,31,152179,Owner,Owner,Owned,1,True
2012000638319,Midwest,West North Central,31,Non-Family,Non-Family,Non-Family,Non-Family,Non-Family,Non-Family
2013000649187,Midwest,West North Central,31,Renter,480,700,Rented,4,True
2009001292552,West,Mountain,32,173765,Owner,Owner,Owned,1,True
2010000208579,West,Mountain,32,427358,Owner,Owner,Non-Family,Non-Family,Non-Family
2010000924048,West,Mountain,32,149575,Owner,Owner,Owned with loan,4,True
2010001007005,West,Mountain,32,245730,Owner,Owner,Owned with loan,0,True
2010001383461,West,Mountain,32,117523,Owner,Owner,Owned,0,True
2011000985028,West,Mountain,32,46607,Owner,Owner,Owned,3,True
2012000131563,West,Mountain,32,20290,Owner,Owner,Owned,1,True
2012000830013,West,Mountain,32,202906,Owner,Owner,Owned,1,True
2013001128020,West,Mountain,32,300000,Owner,Owner,Owned with loan,1,True
2009001068495,Northeast,New England,33,Renter,814,890,Rented,2,True
2010000635402,Northeast,New England,33,267098,Owner,Owner,Owned with loan,2,True
2010001112709,Northeast,New England,33,Non-Family,Non-Family,Non-Family,Non-Family,Non-Family,Non-Family
2011000392765,Northeast,New England,33,284824,Owner,Owner,Owned with loan,2,True
2011000932236,Northeast,New England,33,62143,Owner,Owner,Owned,1,True
2011001263954,Northeast,New England,33,51786,Owner,Owner,Owned,1,True
2013000087733,Northeast,New England,33,200000,Owner,Owner,Owned with loan,3,True
2013000315410,Northeast,New England,33,Renter,500,650,Rented,1,True
2013000547431,Northeast,New England,33,400000,Owner,Owner,Owned,2,True
2013001131140,Northeast,New England,33,110000,Owner,Owner,Owned,1,True
2009000386730,Northeast,Middle Atlantic,34,Non-Family,Non-Family,Non-Family,Non-Family,Non-Family,Non-Family
2009000406076,Northeast,Middle Atlantic,34,Non-Family,Non-Family,Non-Family,Non-Family,Non-Family,Non-Family
2009000415187,Northeast,Middle Atlantic,34,Renter,640,640,Rented,0,True
2009000657991,Northeast,Middle Atlantic,34,Renter,1303,1303,Rented,2,True
2009000794520,Northeast,Middle Atlantic,34,Non-Family,Non-Family,Non-Family,Non-Family,Non-Family,Non-Family
2009001112700,Northeast,Middle Atlantic,34,488714,Owner,Owner,Owned with loan,2,True
2010000294674,Northeast,Middle Atlantic,34,213679,Owner,Owner,Owned,2,True
2010000531904,Northeast,Middle Atlantic,34,Renter,1602,1800,Rented,1,True
2010000705549,Northeast,Middle Atlantic,34,267098,Owner,Owner,Owned with loan,2,True
2010000893244,Northeast,Middle Atlantic,34,347228,Owner,Owner,Owned,2,True
2010001142481,Northeast,Middle Atlantic,34,320518,Owner,Owner,Owned with loan,4,True
2010001256691,Northeast,Middle Atlantic,34,854716,Owner,Owner,Owned with loan,2,True
2011000147019,Northeast,Middle Atlantic,34,Renter,1242,1408,Rented,1,True
2011000680003,Northeast,Middle Atlantic,34,403932,Owner,Owner,Owned,0,True
2011001058552,Northeast,Middle Atlantic,34,Renter,1035,1151,Rented,1,True
2011001135856,Northeast,Middle Atlantic,34,Renter,1242,1846,Rented,1,True
2011001460414,Northeast,Middle Atlantic,34,548934,Owner,Owner,Owned with loan,1,True
2012000248718,Northeast,Middle Atlantic,34,659445,Owner,Owner,Owned,1,True
2012000530208,Northeast,Middle Atlantic,34,182615,Owner,Owner,Owned with loan,2,True
2012000791584,Northeast,Middle Atlantic,34,608718,Owner,Owner,Owned with loan,2,True
2012001083992,Northeast,Middle Atlantic,34,796406,Owner,Owner,Owned with loan,2,True
2012001146750,Northeast,Middle Atlantic,34,152179,Owner,Owner,Non-Family,Non-Family,Non-Family
2012001264655,Northeast,Middle Atlantic,34,172470,Owner,Owner,Owned with loan,3,True
2012001382800,Northeast,Middle Atlantic,34,Renter,1217,1268,Rented,2,True
2013000505699,Northeast,Middle Atlantic,34,460000,Owner,Owner,Owned with loan,3,True
2013000750536,Northeast,Middle Atlantic,34,Renter,900,1040,Rented,1,True
2013001003194,Northeast,Middle Atlantic,34,Non-Family,Non-Family,Non-Family,Non-Family,Non-Family,Non-Family
2013001098170,Northeast,Middle Atlantic,34,Renter,1100,1440,Rented,1,True
2013001291185,Northeast,Middle Atlantic,34,325000,Owner,Owner,Owned,3,True
2009000059479,West,Mountain,35,Non-Family,Non-Family,Non-Family,Non-Family,Non-Family,Non-Family
2009000162927,West,Mountain,35,108603,Owner,Owner,Owned with loan,3,True
2009000319121,West,Mountain,35,325809,Owner,Owner,Owned with loan,3,True
2009001063569,West,Mountain,35,Non-Family,Non-Family,Non-Family,Non-Family,Non-Family,Non-Family
2010000939610,West,Mountain,35,Renter,405,576,Rented,1,True
2010001070971,West,Mountain,35,Renter,619,747,Rented,1,True
2010001288249,West,Mountain,35,26709,Owner,Owner,Owned,3,True
2011001273770,West,Mountain,35,51786,Owner,Owner,Owned,2,True
2013000201809,West,Mountain,35,150000,Owner,Owner,Owned with loan,2,True
2013000470518,West,Mountain,35,Renter,1100,1215,Rented,1,True
2013000573462,West,Mountain,35,50000,Owner,Owner,Owned with loan,2,True
2009000256818,Northeast,Middle Atlantic,36,1086032,Owner,Owner,Owned,1,True
2009000282804,Northeast,Middle Atlantic,36,434412,Owner,Owner,Owned,3,True
2009000316197,Northeast,Middle Atlantic,36,434412,Owner,Owner,Owned with loan,3,True
2009000481890,Northeast,Middle Atlantic,36,868825,Owner,Owner,Owned with loan,5,True
2009000653402,Northeast,Middle Atlantic,36,543016,Owner,Owner,Owned,1,True
2009000783529,Northeast,Middle Atlantic,36,124893,Owner,Owner,Owned with loan,3,True
2009000792842,Northeast,Middle Atlantic,36,Renter,1303,1368,Rented,1,True
2009000829156,Northeast,Middle Atlantic,36,Non-Family,Non-Family,Non-Family,Non-Family,Non-Family,Non-Family
2009000936361,Northeast,Middle Atlantic,36,Non-Family,Non-Family,Non-Family,Non-Family,3,True
2009000950258,Northeast,Middle Atlantic,36,Renter,249,380,Rented,0,True
2009001186558,Northeast,Middle Atlantic,36,434412,Owner,Owner,Owned with loan,2,True
2009001242827,Northeast,Middle Atlantic,36,1303238,Owner,Owner,Owned,2,True
2009001352385,Northeast,Middle Atlantic,36,Renter,651,944,Rented,2,True
2009001371534,Northeast,Middle Atlantic,36,Non-Family,Non-Family,Non-Family,Non-Family,1,True
2010000273185,Northeast,Middle Atlantic,36,Non-Family,Non-Family,Non-Family,Non-Family,Non-Family,Non-Family
2010000401885,Northeast,Middle Atlantic,36,320518,Owner,Owner,Owned,2,True
2010000917973,Northeast,Middle Atlantic,36,90813,Owner,Owner,Owned with loan,1,True
2010001023575,Northeast,Middle Atlantic,36,148506,Owner,Owner,Owned with loan,2,True
2010001269904,Northeast,Middle Atlantic,36,Non-Family,Non-Family,Non-Family,Non-Family,Non-Family,Non-Family
2010001305105,Northeast,Middle Atlantic,36,53419,Owner,Owner,Owned,2,True
2010001327003,Northeast,Middle Atlantic,36,Renter,1068,1217,Rented,0,False
2010001349669,Northeast,Middle Atlantic,36,Renter,299,299,Rented,0,True
2011000057386,Northeast,Middle Atlantic,36,134644,Owner,Owner,Owned with loan,2,True
2011000058244,Northeast,Middle Atlantic,36,Non-Family,Non-Family,Non-Family,Non-Family,Non-Family,Non-Family
2011000168631,Northeast,Middle Atlantic,36,466076,Owner,Owner,Owned with loan,3,True
2011000293038,Northeast,Middle Atlantic,36,310717,Owner,Owner,Owned with loan,2,True
2011000388712,Northeast,Middle Atlantic,36,124287,Owner,Owner,Owned with loan,2,True
2011000412448,Northeast,Middle Atlantic,36,90108,Owner,Owner,Owned with loan,1,True
2011000500014,Northeast,Middle Atlantic,36,Non-Family,Non-Family,Non-Family,Non-Family,Non-Family,Non-Family
2011000512831,Northeast,Middle Atlantic,36,Non-Family,Non-Family,Non-Family,Non-Family,Non-Family,Non-Family
2011000608103,Northeast,Middle Atlantic,36,Renter,466,660,Rented,1,True
2011000695547,Northeast,Middle Atlantic,36,Non-Family,Non-Family,Non-Family,Non-Family,Non-Family,Non-Family
2011000738719,Northeast,Middle Atlantic,36,Non-Family,Non-Family,Non-Family,Non-Family,Non-Family,Non-Family
2011000774306,Northeast,Middle Atlantic,36,Renter,756,756,Rented,1,True
2011000871114,Northeast,Middle Atlantic,36,932152,Owner,Owner,Owned with loan,2,True
2011000914103,Northeast,Middle Atlantic,36,378039,Owner,Owner,Owned with loan,0,True
2011001083619,Northeast,Middle Atlantic,36,88036,Owner,Owner,Owned with loan,2,True
2011001281502,Northeast,Middle Atlantic,36,621435,Owner,Owner,Owned with loan,1,True
2011001307498,Northeast,Middle Atlantic,36,776793,Owner,Owner,Owned,2,True
2011001367271,Northeast,Middle Atlantic,36,Non-Family,Non-Family,Non-Family,Non-Family,Non-Family,Non-Family
2011001414797,Northeast,Middle Atlantic,36,101501,Owner,Owner,Owned with loan,2,True
2012000005882,Northeast,Middle Atlantic,36,Renter,2231,2282,Rented,0,True
2012000125465,Northeast,Middle Atlantic,36,131889,Owner,Owner,Owned with loan,1,True
2012000272218,Northeast,Middle Atlantic,36,Non-Family,Non-Family,Non-Family,Non-Family,Non-Family,Non-Family
2012000376857,Northeast,Middle Atlantic,36,629009,Owner,Owner,Owned with loan,2,True
2012000426033,Northeast,Middle Atlantic,36,Non-Family,Non-Family,Non-Family,Non-Family,Non-Family,Non-Family
2012000721158,Northeast,Middle Atlantic,36,608718,Owner,Owner,Owned with loan,1,True
2012000820110,Northeast,Middle Atlantic,36,71017,Owner,Owner,Owned with loan,2,True
2012000831727,Northeast,Middle Atlantic,36,Non-Family,Non-Family,Non-Family,Non-Family,Non-Family,Non-Family
2012000880527,Northeast,Middle Atlantic,36,60871,Owner,Owner,Owned,2,True
2012000930172,Northeast,Middle Atlantic,36,Renter,537,720,Rented,2,True
2012000959556,Northeast,Middle Atlantic,36,40581,Owner,Owner,Non-Family,Non-Family,Non-Family
2012001050289,Northeast,Middle Atlantic,36,142034,Owner,Owner,Owned,1,True
2012001052890,Northeast,Middle Atlantic,36,116671,Owner,Owner,Owned with loan,2,True
2012001061408,Northeast,Middle Atlantic,36,253632,Owner,Owner,Owned,1,True
2012001273842,Northeast,Middle Atlantic,36,253632,Owner,Owner,Owned with loan,2,True
2012001405098,Northeast,Middle Atlantic,36,507265,Owner,Owner,Owned with loan,2,True
2013000121361,Northeast,Middle Atlantic,36,Renter,2200,2320,Rented,0,True
2013000121516,Northeast,Middle Atlantic,36,Renter,500,500,Rented,0,True
2013000175755,Northeast,Middle Atlantic,36,200000,Owner,Owner,Owned,1,True
2013000249814,Northeast,Middle Atlantic,36,Non-Family,Non-Family,Non-Family,Non-Family,0,True
2013000257299,Northeast,Middle Atlantic,36,120000,Owner,Owner,Owned,3,True
2013000268573,Northeast,Middle Atlantic,36,Non-Family,Non-Family,Non-Family,Non-Family,Non-Family,Non-Family
2013000268937,Northeast,Middle Atlantic,36,350000,Owner,Owner,Owned with loan,1,True
2013000469048,Northeast,Middle Atlantic,36,Renter,390,390,Rented,0,True
2013000503943,Northeast,Middle Atlantic,36,80000,Owner,Owner,Owned,2,True
2013000518470,Northeast,Middle Atlantic,36,Non-Family,Non-Family,Non-Family,Non-Family,Non-Family,Non-Family
2013000604668,Northeast,Middle Atlantic,36,Renter,2300,2430,Rented,1,True
2013000964813,Northeast,Middle Atlantic,36,225000,Owner,Owner,Non-Family,Non-Family,Non-Family
2013001031602,Northeast,Middle Atlantic,36,325000,Owner,Owner,Owned,2,True
2013001060072,Northeast,Middle Atlantic,36,Non-Family,Non-Family,Non-Family,Non-Family,Non-Family,Non-Family
2013001179102,Northeast,Middle Atlantic,36,110000,Owner,Owner,Owned,0,True
2013001352178,Northeast,Middle Atlantic,36,200000,Owner,Owner,Owned with loan,3,True
2013001477197,Northeast,Middle Atlantic,36,18000,Owner,Owner,Owned with loan,1,True
2009000071905,South,South Atlantic,37,65161,Owner,Owner,Owned with loan,1,True
2009000454539,South,South Atlantic,37,97742,Owner,Owner,Owned with loan,1,True
2009000635754,South,South Atlantic,37,86882,Owner,Owner,Owned with loan,4,True
2009000830545,South,South Atlantic,37,Renter,597,787,Rented,1,True
2009000840080,South,South Atlantic,37,Non-Family,Non-Family,Non-Family,Non-Family,Non-Family,Non-Family
2009000927109,South,South Atlantic,37,Renter,966,1109,Rented,0,True
2009000934486,South,South Atlantic,37,Non-Family,Non-Family,Non-Family,Non-Family,Non-Family,Non-Family
2009001120151,South,South Atlantic,37,Non-Family,Non-Family,Non-Family,Non-Family,Non-Family,Non-Family
2010000084079,South,South Atlantic,37,80129,Owner,Owner,Owned,2,True
2010000131543,South,South Atlantic,37,Non-Family,Non-Family,Non-Family,Non-Family,Non-Family,Non-Family
2010000146300,South,South Atlantic,37,534197,Owner,Owner,Owned,4,True
2010000288969,South,South Atlantic,37,Non-Family,Non-Family,Non-Family,Non-Family,Non-Family,Non-Family
2010000556381,South,South Atlantic,37,200858,Owner,Owner,Owned with loan,2,True
2010000622230,South,South Atlantic,37,176285,Owner,Owner,Owned with loan,3,True
2010000690091,South,South Atlantic,37,352570,Owner,Owner,Owned,2,True
2010000715217,South,South Atlantic,37,Non-Family,Non-Family,Non-Family,Non-Family,Non-Family,Non-Family
2010000829123,South,South Atlantic,37,117523,Owner,Owner,Owned with loan,1,True
2010000955204,South,South Atlantic,37,85471,Owner,Owner,Owned,2,True
2010001104063,South,South Atlantic,37,96155,Owner,Owner,Owned,2,True
2010001326694,South,South Atlantic,37,90813,Owner,Owner,Owned with loan,2,True
2011000051915,South,South Atlantic,37,Renter,1553,1793,Rented,2,True
2011000192657,South,South Atlantic,37,103572,Owner,Owner,Owned with loan,2,True
2011000681039,South,South Atlantic,37,48989,Owner,Owner,Owned,1,True
2011000704924,South,South Atlantic,37,414290,Owner,Owner,Owned with loan,2,True
2011000812203,South,South Atlantic,37,517862,Owner,Owner,Owned,4,True
2011000882609,South,South Atlantic,37,Renter,631,813,Rented,0,True
2011000894545,South,South Atlantic,37,Renter,828,937,Rented,1,True
2011000928900,South,South Atlantic,37,206109,Owner,Owner,Owned with loan,3,True
2011000945943,South,South Atlantic,37,103572,Owner,Owner,Owned with loan,2,True
2012000096961,South,South Atlantic,37,Renter,304,568,Rented,0,True
2012000518873,South,South Atlantic,37,121743,Owner,Owner,Owned,1,True
2012000862976,South,South Atlantic,37,159281,Owner,Owner,Owned with loan,2,True
2012001005031,South,South Atlantic,37,91307,Owner,Owner,Owned,2,True
2012001049802,South,South Atlantic,37,253632,Owner,Owner,Owned,1,True
2012001335827,South,South Atlantic,37,130874,Owner,Owner,Owned,1,True
2012001336335,South,South Atlantic,37,71017,Owner,Owner,Owned with loan,3,True
2013000368669,South,South Atlantic,37,150000,Owner,Owner,Owned,3,True
2013000465525,South,South Atlantic,37,360000,Owner,Owner,Owned with loan,2,True
2013000671180,South,South Atlantic,37,Renter,300,568,Rented,2,True
2013001033754,South,South Atlantic,37,500000,Owner,Owner,Owned with loan,2,True
2013001162598,South,South Atlantic,37,117000,Owner,Owner,Owned,2,True
2013001252408,South,South Atlantic,37,300000,Owner,Owner,Owned with loan,2,True
2009000223562,Midwest,West North Central,38,92312,Owner,Owner,Owned with loan,2,True
2009000882805,Midwest,West North Central,38,43441,Owner,Owner,Owned with loan,3,True
2012001039883,Midwest,West North Central,38,25363,Owner,Owner,Owned,3,True
2009000170399,Midwest,East North Central,39,3258,Owner,Owner,Owned,1,True
2009000236140,Midwest,East North Central,39,150958,Owner,Owner,Owned with loan,2,True
2009000927605,Midwest,East North Central,39,179195,Owner,Owner,Owned with loan,1,True
2009001144877,Midwest,East North Central,39,428982,Owner,Owner,Owned with loan,1,True
2009001373723,Midwest,East North Central,39,Non-Family,Non-Family,Non-Family,Non-Family,Non-Family,Non-Family
2010000149249,Midwest,East North Central,39,12820,Owner,Owner,Owned,1,True
2010000201159,Midwest,East North Central,39,105771,Owner,Owner,Owned with loan,2,True
2010000362162,Midwest,East North Central,39,Non-Family,Non-Family,Non-Family,Non-Family,Non-Family,Non-Family
2010000444362,Midwest,East North Central,39,Non-Family,Non-Family,Non-Family,Non-Family,Non-Family,Non-Family
2010000580454,Midwest,East North Central,39,Non-Family,Non-Family,Non-Family,Non-Family,Non-Family,Non-Family
2010000793538,Midwest,East North Central,39,74787,Owner,Owner,Owned with loan,4,True
2010000827647,Midwest,East North Central,39,69445,Owner,Owner,Owned,1,True
2010000851648,Midwest,East North Central,39,Renter,641,922,Rented,2,True
2010001181108,Midwest,East North Central,39,Non-Family,Non-Family,Non-Family,Non-Family,1,True
2010001289948,Midwest,East North Central,39,400648,Owner,Owner,Owned with loan,3,True
2010001299330,Midwest,East North Central,39,165601,Owner,Owner,Owned with loan,2,False
2011000039733,Midwest,East North Central,39,82858,Owner,Owner,Owned with loan,2,True
2011000113668,Midwest,East North Central,39,181251,Owner,Owner,Owned with loan,4,True
2011000144718,Midwest,East North Central,39,Non-Family,Non-Family,Non-Family,Non-Family,Non-Family,Non-Family
2011000476743,Midwest,East North Central,39,Non-Family,Non-Family,Non-Family,Non-Family,Non-Family,Non-Family
2011000751308,Midwest,East North Central,39,Renter,611,870,Rented,1,True
2011000828836,Midwest,East North Central,39,258931,Owner,Owner,Owned with loan,2,True
2011001189761,Midwest,East North Central,39,Renter,538,538,Rented,0,True
2011001292886,Midwest,East North Central,39,Renter,621,766,Rented,1,True
2011001300045,Midwest,East North Central,39,103572,Owner,Owner,Owned,3,True
2011001396257,Midwest,East North Central,39,Non-Family,Non-Family,Non-Family,Non-Family,Non-Family,Non-Family
2012000268110,Midwest,East North Central,39,20290,Owner,Owner,Owned,2,True
2012000723810,Midwest,East North Central,39,Non-Family,Non-Family,Non-Family,Non-Family,Non-Family,Non-Family
2012001245467,Midwest,East North Central,39,1521,Owner,Owner,Owned,2,True
2012001492643,Midwest,East North Central,39,118700,Owner,Owner,Owned with loan,1,True
2013000061696,Midwest,East North Central,39,200000,Owner,Owner,Owned,1,True
2013000225557,Midwest,East North Central,39,110000,Owner,Owner,Owned with loan,4,True
2013000378618,Midwest,East North Central,39,9000,Owner,Owner,Owned,2,True
2013001198584,Midwest,East North Central,39,90000,Owner,Owner,Owned with loan,1,True
2013001213437,Midwest,East North Central,39,250000,Owner,Owner,Owned,2,True
2013001396638,Midwest,East North Central,39,Non-Family,Non-Family,Non-Family,Non-Family,Non-Family,Non-Family
2013001410508,Midwest,East North Central,39,90000,Owner,Owner,Owned,2,True
2013001431224,Midwest,East North Central,39,Renter,430,450,Rented,0,True
2013001457575,Midwest,East North Central,39,121000,Owner,Owner,Owned with loan,2,True
2009000580879,South,West South Central,40,Non-Family,Non-Family,Non-Family,Non-Family,Non-Family,Non-Family
2009000881635,South,West South Central,40,271508,Owner,Owner,Owned with loan,3,True
2010000166818,South,West South Central,40,90813,Owner,Owner,Owned with loan,3,True
2010000261186,South,West South Central,40,213679,Owner,Owner,Owned with loan,3,True
2010001194980,South,West South Central,40,213679,Owner,Owner,Owned with loan,2,True
2011000013257,South,West South Central,40,93215,Owner,Owner,Owned with loan,1,True
2011000406280,South,West South Central,40,62143,Owner,Owner,Owned with loan,1,True
2011000939058,South,West South Central,40,181251,Owner,Owner,Owned,3,True
2011001338401,South,West South Central,40,66286,Owner,Owner,Owned with loan,1,True
2011001501992,South,West South Central,40,124287,Owner,Owner,Owned with loan,2,True
2012000153381,South,West South Central,40,289141,Owner,Owner,Owned with loan,5,True
2012000538929,South,West South Central,40,65944,Owner,Owner,Owned,3,True
2012000849383,South,West South Central,40,50726,Owner,Owner,Owned,2,True
2012000874094,South,West South Central,40,Non-Family,Non-Family,Non-Family,Non-Family,Non-Family,Non-Family
2013000018830,South,West South Central,40,Non-Family,Non-Family,Non-Family,Non-Family,Non-Family,Non-Family
2013000576174,South,West South Central,40,25000,Owner,Owner,Owned,1,True
2013000607511,South,West South Central,40,160000,Owner,Owner,Owned with loan,4,True
2013000628049,South,West South Central,40,200000,Owner,Owner,Non-Family,Non-Family,Non-Family
2013000899320,South,West South Central,40,Non-Family,Non-Family,Non-Family,Non-Family,Non-Family,Non-Family
2013001418534,South,West South Central,40,55000,Owner,Owner,Owned,0,True
2009000055450,West,Pacific,41,162904,Owner,Owner,Owned with loan,3,True
2009000154864,West,Pacific,41,54301,Owner,Owner,Owned,1,True
2009000461657,West,Pacific,41,34753,Owner,Owner,Owned,2,True
2009000947920,West,Pacific,41,Renter,1411,1593,Rented,2,True
2010000345671,West,Pacific,41,292740,Owner,Owner,Owned with loan,4,True
2011000160030,West,Pacific,41,Renter,725,725,Rented,1,True
2011000593739,West,Pacific,41,72500,Owner,Owner,Owned,1,True
2011000730687,West,Pacific,41,155358,Owner,Owner,Owned,2,True
2011001292711,West,Pacific,41,Renter,310,664,Rented,2,True
2012001325185,West,Pacific,41,Renter,639,720,Rented,3,True
2013000520515,West,Pacific,41,125000,Owner,Owner,Owned with loan,1,True
2013000936744,West,Pacific,41,180000,Owner,Owner,Owned with loan,1,True
2013001288308,West,Pacific,41,Renter,830,910,Rented,0,True
2009000347164,Northeast,Middle Atlantic,42,65161,Owner,Owner,Owned,1,True
2009000354084,Northeast,Middle Atlantic,42,Non-Family,Non-Family,Non-Family,Non-Family,Non-Family,Non-Family
2009000420617,Northeast,Middle Atlantic,42,Non-Family,Non-Family,Non-Family,Non-Family,Non-Family,Non-Family
2009000580003,Northeast,Middle Atlantic,42,173765,Owner,Owner,Owned with loan,3,True
2009000668350,Northeast,Middle Atlantic,42,Non-Family,Non-Family,Non-Family,Non-Family,Non-Family,Non-Family
2009000920582,Northeast,Middle Atlantic,42,Non-Family,Non-Family,Non-Family,Non-Family,Non-Family,Non-Family
2009000952922,Northeast,Middle Atlantic,42,Renter,575,749,Rented,1,True
2009001142867,Northeast,Middle Atlantic,42,108603,Owner,Owner,Owned with loan,3,True
2010000003635,Northeast,Middle Atlantic,42,Non-Family,Non-Family,Non-Family,Non-Family,Non-Family,Non-Family
2010000015151,Northeast,Middle Atlantic,42,Renter,587,1278,Rented,0,True
2010000036241,Northeast,Middle Atlantic,42,48077,Owner,Owner,Owned with loan,2,True
2010000096186,Northeast,Middle Atlantic,42,454067,Owner,Owner,Owned,1,True
2010000248442,Northeast,Middle Atlantic,42,53419,Owner,Owner,Owned with loan,1,True
2010000560174,Northeast,Middle Atlantic,42,Renter,1923,2147,Rented,2,True
2010000615121,Northeast,Middle Atlantic,42,186969,Owner,Owner,Owned with loan,3,True
2010000622372,Northeast,Middle Atlantic,42,240388,Owner,Owner,Owned with loan,2,True
2010000656759,Northeast,Middle Atlantic,42,Renter,673,801,Rented,2,True
2010000687462,Northeast,Middle Atlantic,42,Renter,405,438,Rented,2,True
2010000813847,Northeast,Middle Atlantic,42,Renter,480,619,Rented,1,True
2010000835212,Northeast,Middle Atlantic,42,Renter,1282,1465,Rented,2,True
2010000951079,Northeast,Middle Atlantic,42,267098,Owner,Owner,Owned with loan,1,True
2010000957866,Northeast,Middle Atlantic,42,155985,Owner,Owner,Owned with loan,4,True
2010001076345,Northeast,Middle Atlantic,42,149575,Owner,Owner,Owned with loan,2,True
2010001363580,Northeast,Middle Atlantic,42,202995,Owner,Owner,Owned,2,True
2010001398402,Northeast,Middle Atlantic,42,Renter,737,769,Rented,0,True
2011000014012,Northeast,Middle Atlantic,42,Renter,1346,1584,Rented,3,True
2011000059080,Northeast,Middle Atlantic,42,155358,Owner,Owner,Owned with loan,1,True
2011000201224,Northeast,Middle Atlantic,42,88036,Owner,Owner,Owned with loan,3,True
2011000295325,Northeast,Middle Atlantic,42,Renter,445,604,Rented,1,True
2011000384934,Northeast,Middle Atlantic,42,129465,Owner,Owner,Owned with loan,1,True
2011000492209,Northeast,Middle Atlantic,42,207145,Owner,Owner,Owned with loan,2,True
2011000496618,Northeast,Middle Atlantic,42,Non-Family,Non-Family,Non-Family,Non-Family,Non-Family,Non-Family
2011000562295,Northeast,Middle Atlantic,42,36250,Owner,Owner,Owned,2,True
2011000637931,Northeast,Middle Atlantic,42,110822,Owner,Owner,Owned with loan,1,True
2011000665655,Northeast,Middle Atlantic,42,56964,Owner,Owner,Owned with loan,2,True
2011000763870,Northeast,Middle Atlantic,42,310717,Owner,Owner,Owned with loan,2,True
2011000996815,Northeast,Middle Atlantic,42,Non-Family,Non-Family,Non-Family,Non-Family,Non-Family,Non-Family
2011001008975,Northeast,Middle Atlantic,42,Renter,756,849,Rented,2,True
2011001157555,Northeast,Middle Atlantic,42,233038,Owner,Owner,Owned,2,True
2012000435668,Northeast,Middle Atlantic,42,177542,Owner,Owner,Owned,2,True
2012000514349,Northeast,Middle Atlantic,42,182615,Owner,Owner,Owned,4,True
2012000838156,Northeast,Middle Atlantic,42,103482,Owner,Owner,Owned with loan,1,True
2012000843614,Northeast,Middle Atlantic,42,Renter,1318,1369,Rented,2,True
2012001036222,Northeast,Middle Atlantic,42,30435,Owner,Owner,Owned,1,True
2012001210106,Northeast,Middle Atlantic,42,152179,Owner,Owner,Owned with loan,4,True
2012001231673,Northeast,Middle Atlantic,42,Renter,1521,1582,Rented,1,True
2012001417707,Northeast,Middle Atlantic,42,228269,Owner,Owner,Owned,4,True
2013000173861,Northeast,Middle Atlantic,42,120000,Owner,Owner,Owned,3,True
2013000220809,Northeast,Middle Atlantic,42,300000,Owner,Owner,Owned with loan,3,True
2013000298075,Northeast,Middle Atlantic,42,80000,Owner,Owner,Owned with loan,2,True
2013000398304,Northeast,Middle Atlantic,42,Non-Family,Non-Family,Non-Family,Non-Family,Non-Family,Non-Family
2013000499239,Northeast,Middle Atlantic,42,35000,Owner,Owner,Owned with loan,2,True
2013000511009,Northeast,Middle Atlantic,42,150000,Owner,Owner,Owned with loan,2,True
2013000573687,Northeast,Middle Atlantic,42,175000,Owner,Owner,Owned,2,True
2013000989869,Northeast,Middle Atlantic,42,30000,Owner,Owner,Owned,2,True
2013001069649,Northeast,Middle Atlantic,42,180000,Owner,Owner,Owned,2,True
2013001070623,Northeast,Middle Atlantic,42,120000,Owner,Owner,Owned with loan,3,True
2013001087944,Northeast,Middle Atlantic,42,Non-Family,Non-Family,Non-Family,Non-Family,Non-Family,Non-Family
2013001170504,Northeast,Middle Atlantic,42,Non-Family,Non-Family,Non-Family,Non-Family,Non-Family,Non-Family
2013001398249,Northeast,Middle Atlantic,42,Renter,150,329,Rented,1,True
2013001437324,Northeast,Middle Atlantic,42,166000,Owner,Owner,Owned,2,True
2009000353262,Northeast,New England,44,238927,Owner,Owner,Owned with loan,2,True
2009000512153,Northeast,New England,44,Renter,228,228,Rented,0,True
2013000135874,Northeast,New England,44,150000,Owner,Owner,Owned,2,True
2009000049567,South,South Atlantic,45,Renter,325,729,Rented,1,False
2009000339945,South,South Atlantic,45,292142,Owner,Owner,Owned with loan,1,True
2009000922543,South,South Atlantic,45,86882,Owner,Owner,Owned,1,True
2010000686522,South,South Atlantic,45,Non-Family,Non-Family,Non-Family,Non-Family,Non-Family,Non-Family
2010001037332,South,South Atlantic,45,85471,Owner,Owner,Owned with loan,4,True
2010001279685,South,South Atlantic,45,Non-Family,Non-Family,Non-Family,Non-Family,Non-Family,Non-Family
2011000277010,South,South Atlantic,45,36250,Owner,Owner,Owned with loan,2,True
2011000444647,South,South Atlantic,45,362503,Owner,Owner,Owned,1,True
2011001237661,South,South Atlantic,45,191609,Owner,Owner,Owned with loan,2,True
2012000069281,South,South Atlantic,45,202906,Owner,Owner,Owned,1,True
2012000185113,South,South Atlantic,45,131889,Owner,Owner,Owned with loan,2,True
2012000622071,South,South Atlantic,45,142034,Owner,Owner,Owned with loan,1,True
2012001068411,South,South Atlantic,45,65944,Owner,Owner,Owned,2,True
2012001081486,South,South Atlantic,45,85220,Owner,Owner,Owned with loan,2,True
2013000053408,South,South Atlantic,45,90000,Owner,Owner,Owned,1,True
2013000577286,South,South Atlantic,45,Renter,500,615,Rented,2,True
2013001130083,South,South Atlantic,45,75000,Owner,Owner,Owned with loan,3,True
2013001228174,South,South Atlantic,45,Non-Family,Non-Family,Non-Family,Non-Family,Non-Family,Non-Family
2013001367037,South,South Atlantic,45,400000,Owner,Owner,Owned,2,True
2013001395118,South,South Atlantic,45,100000,Owner,Owner,Owned,1,True
2013001045697,Midwest,West North Central,46,Non-Family,Non-Family,Non-Family,Non-Family,Non-Family,Non-Family
2009000134551,South,East South Central,47,54301,Owner,Owner,Owned,0,True
2009000376203,South,East South Central,47,162904,Owner,Owner,Owned with loan,1,True
2009000496128,South,East South Central,47,325809,Owner,Owner,Owned,4,True
2010000442495,South,East South Central,47,893178,Owner,Owner,Owned with loan,2,True
2010000470737,South,East South Central,47,Non-Family,Non-Family,Non-Family,Non-Family,Non-Family,Non-Family
2010000593430,South,East South Central,47,Renter,405,512,Rented,1,True
2011000453410,South,East South Central,47,45364,Owner,Owner,Owned,1,True
2011000506948,South,East South Central,47,51786,Owner,Owner,Owned with loan,2,False
2011000507141,South,East South Central,47,Renter,217,403,Rented,1,True
2011000562175,South,East South Central,47,Renter,414,560,Rented,2,True
2011000604516,South,East South Central,47,Non-Family,Non-Family,Non-Family,Non-Family,Non-Family,Non-Family
2011001052610,South,East South Central,47,145001,Owner,Owner,Owned with loan,1,True
2011001149976,South,East South Central,47,93215,Owner,Owner,Owned with loan,3,True
2011001180069,South,East South Central,47,233038,Owner,Owner,Owned with loan,3,True
2012000299817,South,East South Central,47,Renter,405,557,Rented,3,True
2012000414901,South,East South Central,47,73046,Owner,Owner,Owned,2,True
2012000488952,South,East South Central,47,Non-Family,Non-Family,Non-Family,Non-Family,Non-Family,Non-Family
2012000723520,South,East South Central,47,207978,Owner,Owner,Owned with loan,1,True
2012000938504,South,East South Central,47,101453,Owner,Owner,Owned,2,True
2012001112177,South,East South Central,47,14710,Owner,Owner,Owned,3,True
2012001367760,South,East South Central,47,30435,Owner,Owner,Owned,1,True
2013000751244,South,East South Central,47,125000,Owner,Owner,Owned,1,True
2013000796620,South,East South Central,47,35000,Owner,Owner,Owned,2,True
2013000796774,South,East South Central,47,125000,Owner,Owner,Owned,1,True
2013001194798,South,East South Central,47,150000,Owner,Owner,Owned,1,True
2013001202903,South,East South Central,47,165000,Owner,Owner,Owned,1,True
2013001271967,South,East South Central,47,Renter,680,842,Rented,1,True
2009000038097,South,West South Central,48,Renter,380,564,Rented,2,True
2009000081245,South,West South Central,48,Renter,260,293,Rented,1,True
2009000192766,South,West South Central,48,325809,Owner,Owner,Owned,1,True
2009000217256,South,West South Central,48,Non-Family,Non-Family,Non-Family,Non-Family,Non-Family,Non-Family
2009000345090,South,West South Central,48,Non-Family,Non-Family,Non-Family,Non-Family,Non-Family,Non-Family
2009000420505,South,West South Central,48,190055,Owner,Owner,Owned,2,True
2009000452774,South,West South Central,48,Non-Family,Non-Family,Non-Family,Non-Family,Non-Family,Non-Family
2009000563013,South,West South Central,48,Renter,217,304,Rented,1,True
2009000569947,South,West South Central,48,86882,Owner,Owner,Owned,1,True
2009000586080,South,West South Central,48,8688,Owner,Owner,Owned,2,True
2009000596527,South,West South Central,48,135754,Owner,Owner,Owned with loan,3,True
2009000622564,South,West South Central,48,Renter,781,937,Rented,1,True
2009000642761,South,West South Central,48,168334,Owner,Owner,Owned with loan,1,True
2009000708209,South,West South Central,48,38011,Owner,Owner,Owned with loan,4,True
2009000719279,South,West South Central,48,70592,Owner,Owner,Owned with loan,3,True
2009000803525,South,West South Central,48,Non-Family,Non-Family,Non-Family,Non-Family,Non-Family,Non-Family
2009000804584,South,West South Central,48,271508,Owner,Owner,Owned,1,True
2009000899191,South,West South Central,48,Renter,868,969,Rented,1,True
2009000902659,South,West South Central,48,81452,Owner,Owner,Owned,2,True
2009001029017,South,West South Central,48,173765,Owner,Owner,Owned with loan,1,True
2009001143318,South,West South Central,48,54301,Owner,Owner,Owned,1,True
2009001180070,South,West South Central,48,238927,Owner,Owner,Owned,2,True
2009001257938,South,West South Central,48,119463,Owner,Owner,Owned,1,True
2009001290165,South,West South Central,48,Renter,651,666,Rented,0,False
2009001298691,South,West South Central,48,217206,Owner,Owner,Owned with loan,2,True
2009001373913,South,West South Central,48,92312,Owner,Owner,Owned,1,True
2010000255365,South,West South Central,48,179490,Owner,Owner,Owned with loan,3,True
2010000400059,South,West South Central,48,191242,Owner,Owner,Owned with loan,3,True
2010000440310,South,West South Central,48,Non-Family,Non-Family,Non-Family,Non-Family,Non-Family,Non-Family
2010000482806,South,West South Central,48,37393,Owner,Owner,Owned,0,True
2010000538999,South,West South Central,48,213679,Owner,Owner,Owned with loan,1,True
2010000601806,South,West South Central,48,42735,Owner,Owner,Owned,2,True
2010000683657,South,West South Central,48,85471,Owner,Owner,Owned,3,True
2010000723245,South,West South Central,48,448725,Owner,Owner,Owned,2,True
2010000760558,South,West South Central,48,Renter,790,913,Rented,1,True
2010000768152,South,West South Central,48,165601,Owner,Owner,Owned,2,True
2010000853285,South,West South Central,48,106839,Owner,Owner,Owned with loan,2,True
2010000869214,South,West South Central,48,213679,Owner,Owner,Owned,2,True
2010000882868,South,West South Central,48,Renter,908,1224,Rented,1,True
2010000883544,South,West South Central,48,Non-Family,Non-Family,Non-Family,Non-Family,Non-Family,Non-Family
2010000943697,South,West South Central,48,170943,Owner,Owner,Owned with loan,3,True
2010000974483,South,West South Central,48,Non-Family,Non-Family,Non-Family,Non-Family,Non-Family,Non-Family
2010001058451,South,West South Central,48,59830,Owner,Owner,Owned,1,True
2010001218188,South,West South Central,48,Renter,683,790,Rented,1,True
2011000047336,South,West South Central,48,124287,Owner,Owner,Owned with loan,2,True
2011000107400,South,West South Central,48,Renter,932,1284,Rented,1,True
2011000185376,South,West South Central,48,165716,Owner,Owner,Owned with loan,1,True
2011000410394,South,West South Central,48,129465,Owner,Owner,Owned with loan,2,True
2011000524715,South,West South Central,48,Renter,932,1103,Rented,2,True
2011000535680,South,West South Central,48,Non-Family,Non-Family,Non-Family,Non-Family,Non-Family,Non-Family
2011000752070,South,West South Central,48,207145,Owner,Owner,Owned with loan,2,True
2011000784970,South,West South Central,48,Renter,652,725,Rented,1,True
2011000819204,South,West South Central,48,258931,Owner,Owner,Owned,3,True
2011000860380,South,West South Central,48,145001,Owner,Owner,Owned with loan,2,True
2011001000741,South,West South Central,48,181251,Owner,Owner,Owned,2,True
2011001059068,South,West South Central,48,Non-Family,Non-Family,Non-Family,Non-Family,Non-Family,Non-Family
2011001186963,South,West South Central,48,207145,Owner,Owner,Owned with loan,3,True
2011001253086,South,West South Central,48,2071,Owner,Owner,Owned,0,True
2011001346877,South,West South Central,48,Renter,880,1214,Rented,2,True
2012000095625,South,West South Central,48,15217,Owner,Owner,Owned,2,True
2012000152496,South,West South Central,48,608718,Owner,Owner,Owned with loan,2,True
2012000229134,South,West South Central,48,108554,Owner,Owner,Owned with loan,2,False
2012000644804,South,West South Central,48,202906,Owner,Owner,Owned with loan,2,True
2012000647492,South,West South Central,48,Non-Family,Non-Family,Non-Family,Non-Family,Non-Family,Non-Family
2012001030173,South,West South Central,48,81162,Owner,Owner,Owned,2,True
2012001056449,South,West South Central,48,Renter,730,781,Rented,1,True
2012001199454,South,West South Central,48,Renter,842,903,Rented,2,True
2012001234321,South,West South Central,48,Renter,710,831,Rented,0,True
2012001278808,South,West South Central,48,Renter,639,672,Rented,1,True
2012001357678,South,West South Central,48,Non-Family,Non-Family,Non-Family,Non-Family,Non-Family,Non-Family
2012001364444,South,West South Central,48,278996,Owner,Owner,Owned with loan,2,True
2012001391482,South,West South Central,48,81162,Owner,Owner,Owned with loan,2,True
2013000052621,South,West South Central,48,130000,Owner,Owner,Owned with loan,2,True
2013000205831,South,West South Central,48,Non-Family,Non-Family,Non-Family,Non-Family,Non-Family,Non-Family
2013000233385,South,West South Central,48,Renter,700,850,Rented,2,True
2013000276826,South,West South Central,48,70000,Owner,Owner,Owned,3,True
2013000302626,South,West South Central,48,Non-Family,Non-Family,Non-Family,Non-Family,Non-Family,Non-Family
2013000336728,South,West South Central,48,Renter,400,677,Rented,2,True
2013000358226,South,West South Central,48,65000,Owner,Owner,Owned,3,True
2013000491646,South,West South Central,48,140000,Owner,Owner,Owned,0,True
2013000538858,South,West South Central,48,100000,Owner,Owner,Owned,1,True
2013000577449,South,West South Central,48,114000,Owner,Owner,Owned with loan,2,True
2013000735883,South,West South Central,48,269000,Owner,Owner,Owned with loan,2,True
2013000935302,South,West South Central,48,400000,Owner,Owner,Owned,2,True
2013000945801,South,West South Central,48,72000,Owner,Owner,Owned with loan,1,True
2013000952012,South,West South Central,48,160000,Owner,Owner,Owned,2,True
2013001004654,South,West South Central,48,200000,Owner,Owner,Owned with loan,2,True
2013001039772,South,West South Central,48,Renter,580,669,Rented,1,True
2013001108789,South,West South Central,48,70000,Owner,Owner,Owned,2,True
2013001255684,South,West South Central,48,Renter,1300,1678,Rented,1,True
2013001420042,South,West South Central,48,185000,Owner,Owner,Owned with loan,3,True
2010000014784,West,Mountain,49,213679,Owner,Owner,Owned with loan,2,True
2010000612596,West,Mountain,49,331202,Owner,Owner,Owned with loan,1,True
2010000728950,West,Mountain,49,Non-Family,Non-Family,Non-Family,Non-Family,2,True
2011000244939,West,Mountain,49,155358,Owner,Owner,Owned,3,True
2011000531626,West,Mountain,49,Renter,1242,1367,Rented,1,True
2012000913302,West,Mountain,49,202906,Owner,Owner,Non-Family,Non-Family,Non-Family
2013000257193,West,Mountain,49,Non-Family,Non-Family,Non-Family,Non-Family,Non-Family,Non-Family
2013000690662,West,Mountain,49,Non-Family,Non-Family,Non-Family,Non-Family,Non-Family,Non-Family
2013000877955,West,Mountain,49,175000,Owner,Owner,Owned with loan,2,True
2011000597180,Northeast,New England,50,Renter,238,238,Rented,1,True
2012001351376,Northeast,New England,50,1490346,Owner,Owner,Owned with loan,2,True
2009000055870,South,South Atlantic,51,271508,Owner,Owner,Owned,2,True
2009000194791,South,South Atlantic,51,466993,Owner,Owner,Owned with loan,4,True
2009000338389,South,South Atlantic,51,760222,Owner,Owner,Owned,3,True
2009000498647,South,South Atlantic,51,Non-Family,Non-Family,Non-Family,Non-Family,Non-Family,Non-Family
2009000655196,South,South Atlantic,51,Non-Family,Non-Family,Non-Family,Non-Family,Non-Family,Non-Family
2009000820364,South,South Atlantic,51,244357,Owner,Owner,Owned,2,True
2009001290029,South,South Atlantic,51,396401,Owner,Owner,Owned with loan,2,True
2010000419681,South,South Atlantic,51,320518,Owner,Owner,Owned with loan,3,True
2010000693890,South,South Atlantic,51,Renter,630,715,Rented,1,True
2011000181890,South,South Atlantic,51,258931,Owner,Owner,Owned,3,True
2011000543679,South,South Atlantic,51,310717,Owner,Owner,Owned with loan,2,True
2011000948565,South,South Atlantic,51,Non-Family,Non-Family,Non-Family,Non-Family,Non-Family,Non-Family
2011001251150,South,South Atlantic,51,Non-Family,Non-Family,Non-Family,Non-Family,Non-Family,Non-Family
2012000064813,South,South Atlantic,51,Renter,304,557,Rented,1,True
2012000190149,South,South Atlantic,51,557992,Owner,Owner,Owned with loan,2,True
2012000236920,South,South Atlantic,51,166383,Owner,Owner,Owned,3,True
2012000243815,South,South Atlantic,51,243487,Owner,Owner,Owned,2,True
2012000295946,South,South Atlantic,51,187688,Owner,Owner,Owned,0,True
2012000575250,South,South Atlantic,51,344940,Owner,Owner,Owned with loan,3,True
2012001255708,South,South Atlantic,51,Renter,730,971,Rented,2,True
2012001275754,South,South Atlantic,51,116671,Owner,Owner,Owned,2,True
2012001394019,South,South Atlantic,51,913077,Owner,Owner,Owned with loan,3,True
2013000259840,South,South Atlantic,51,250000,Owner,Owner,Owned with loan,3,True
2013000444244,South,South Atlantic,51,35000,Owner,Owner,Owned,0,True
2013000478744,South,South Atlantic,51,220000,Owner,Owner,Owned with loan,1,True
2013000834738,South,South Atlantic,51,Non-Family,Non-Family,Non-Family,Non-Family,Non-Family,Non-Family
2013001270890,South,South Atlantic,51,725000,Owner,Owner,Owned with loan,4,True
2013001453308,South,South Atlantic,51,600000,Owner,Owner,Owned,3,True
2009000446850,West,Pacific,53,271508,Owner,Owner,Owned with loan,2,True
2010000224205,West,Pacific,53,Renter,1175,1404,Rented,2,True
2010000268641,West,Pacific,53,427358,Owner,Owner,Owned with loan,3,True
2010000342033,West,Pacific,53,106839,Owner,Owner,Owned,3,True
2010000441453,West,Pacific,53,69445,Owner,Owner,Owned with loan,2,True
2010000698442,West,Pacific,53,373938,Owner,Owner,Owned with loan,1,True
2010000862833,West,Pacific,53,Renter,1282,1391,Rented,1,True
2010000994143,West,Pacific,53,Non-Family,Non-Family,Non-Family,Non-Family,Non-Family,Non-Family
2011000097033,West,Pacific,53,227859,Owner,Owner,Owned with loan,3,True
2011001281236,West,Pacific,53,Non-Family,Non-Family,Non-Family,Non-Family,Non-Family,Non-Family
2011001440808,West,Pacific,53,Non-Family,Non-Family,Non-Family,Non-Family,Non-Family,Non-Family
2011001486266,West,Pacific,53,228895,Owner,Owner,Owned with loan,3,True
2012001310812,West,Pacific,53,2508935,Owner,Owner,Owned,2,True
2013000051445,West,Pacific,53,280000,Owner,Owner,Owned with loan,3,True
2013000096608,West,Pacific,53,Non-Family,Non-Family,Non-Family,Non-Family,Non-Family,Non-Family
2013000437272,West,Pacific,53,Renter,700,700,Rented,0,True
2013001098161,West,Pacific,53,2200,Owner,Owner,Owned with loan,4,True
2010000917164,South,South Atlantic,54,Non-Family,Non-Family,Non-Family,Non-Family,Non-Family,Non-Family
2010001409091,South,South Atlantic,54,96155,Owner,Owner,Owned,2,True
2011000046521,South,South Atlantic,54,Non-Family,Non-Family,Non-Family,Non-Family,Non-Family,Non-Family
2011000925169,South,South Atlantic,54,36250,Owner,Owner,Owned,0,True
2011001441269,South,South Atlantic,54,77679,Owner,Owner,Non-Family,Non-Family,Non-Family
2012000104934,South,South Atlantic,54,Renter,284,284,Rented,1,True
2012001101795,South,South Atlantic,54,162324,Owner,Owner,Owned,1,True
2013000093699,South,South Atlantic,54,Non-Family,Non-Family,Non-Family,Non-Family,Non-Family,Non-Family
2013000201180,South,South Atlantic,54,Non-Family,Non-Family,Non-Family,Non-Family,Non-Family,Non-Family
2013000697910,South,South Atlantic,54,160000,Owner,Owner,Owned with loan,4,True
2013000980693,South,South Atlantic,54,70000,Owner,Owner,Owned,2,True
2009000589552,Midwest,East North Central,55,Renter,456,456,Rented,0,True
2009000602150,Midwest,East North Central,55,157474,Owner,Owner,Owned with loan,4,True
2009000988193,Midwest,East North Central,55,195485,Owner,Owner,Owned with loan,4,True
2009001331940,Midwest,East North Central,55,20634,Owner,Owner,Owned,2,True
2010000860807,Midwest,East North Central,55,Non-Family,Non-Family,Non-Family,Non-Family,Non-Family,Non-Family
2010001063636,Midwest,East North Central,55,186969,Owner,Owner,Owned with loan,2,True
2010001226782,Midwest,East North Central,55,Renter,1036,1036,Rented,1,True
2010001356929,Midwest,East North Central,55,Renter,854,1175,Rented,2,True
2011000038534,Midwest,East North Central,55,Non-Family,Non-Family,Non-Family,Non-Family,Non-Family,Non-Family
2011000603415,Midwest,East North Central,55,Non-Family,Non-Family,Non-Family,Non-Family,Non-Family,Non-Family
2011000911397,Midwest,East North Central,55,Non-Family,Non-Family,Non-Family,Non-Family,Non-Family,Non-Family
2011001085634,Midwest,East North Central,55,414290,Owner,Owner,Owned,4,True
2012000600000,Midwest,East North Central,55,Non-Family,Non-Family,Non-Family,Non-Family,Non-Family,Non-Family
2012000742174,Midwest,East North Central,55,162324,Owner,Owner,Owned with loan,2,True
2013000191623,Midwest,East North Central,55,120000,Owner,Owner,Owned with loan,3,True
2013000411990,Midwest,East North Central,55,Renter,680,761,Rented,1,True
2013000600530,Midwest,East North Central,55,Non-Family,Non-Family,Non-Family,Non-Family,Non-Family,Non-Family
2013000941749,Midwest,East North Central,55,Renter,1100,1100,Rented,1,True
2013000993455,Midwest,East North Central,55,165000,Owner,Owner,Owned with loan,2,True
2013001026714,Midwest,East North Central,55,80000,Owner,Owner,Owned with loan,2,True
2013001122795,Midwest,East North Central,55,100000,Owner,Owner,Owned,2,True
2013001143618,Midwest,East North Central,55,Non-Family,Non-Family,Non-Family,Non-Family,2,True
2013001281765,Midwest,East North Central,55,50000,Owner,Owner,Owned with loan,1,True
2009000032214,West,Mountain,56,35839,Owner,Owner,Owned with loan,0,True
2010001063727,West,Mountain,56,144233,Owner,Owner,Owned with loan,1,True
2013001082476,West,Mountain,56,204000,Owner,Owner,Owned,2,True
