track_id,track_title,artist_name,album_title,track_duration,track_genre,album_date_released,album_type,album_tracks
145,Amoebiasis,Amoebic Ensemble,Amoebiasis,326,Jazz,2009-01-06,Album,0
155,Maps of the Stars Homes,Arc and Sender,unreleased demo,756,Rock,2009-01-06,Single Tracks,1
201,Big City,Ed Askew,What I Know,210,Folk,2009-01-07,Album,10
307,Out on the farm,Blah Blah Blah,Green Collection,205,Rock,2007-09-01,Album,0
309,Where are all the people,Blah Blah Blah,Green Collection,229,Rock,2007-09-01,Album,0
319,Complete Shakespeare,Blah Blah Blah,Green Collection,156,Rock,2007-09-01,Album,0
327,Hands Beckoning,Blah Blah Blah,Stripey Collection,259,Rock,1982-04-06,Album,0
328,Central Park,Blah Blah Blah,Stripey Collection,236,Rock,1982-04-06,Album,0
350,Gotta Go,Blah Blah Blah,30th Anniversary Blah Blah Blah,101,Rock,2009-01-01,Album,21
364,Sunspot activity,Blah Blah Blah,30th Anniversary Blah Blah Blah,152,Rock,2009-01-01,Album,21
386,Clapartroach,Blanketship,Summer Set,357,Electronic,2005-01-01,Album,0
412,John And Mary - The Meeting,Borful Tang,Root,253,Electronic,2005-07-05,Album,9
520,Invisible Tape,Celesteville,Sing Like Birds,181,Rock,2009-01-08,Album,12
540,The Black Pirate,Charles Manson,One Mind,309,Folk,2009-01-14,Album,16
573,When My Ship Comes In,Clockcleaner,Babylon Rules,394,Rock,2009-01-08,Album,2
645,Side One - Dear Mr. Depieu,Ethan Persoff,Spree: An Escape From Reality,349,Electronic,2005-01-01,Album,15
659,side 1 - complaint (knock on wood),Ethan Persoff,25 Lessons in HYPNOTISM,460,Electronic,2002-10-01,Album,6
695,Elephants,Food For Animals,Cock Rock Disco 2006 Free Compilation,104,Hip-Hop,2009-01-08,Album,1
721,Evil Twin,Fuzz Unlimited,Take A hit,117,Rock,2007-01-01,Album,5
777,Relaxing,Glove Compartment,Quickies,90,Rock,2000-01-01,Album,22
795,The Lower Frequencies,Glove Compartment,Quickies,37,Rock,2000-01-01,Album,22
805,Haymaker,Guinea Worms,Nightmare in a Ravaged Brain,110,Rock,2007-01-01,Album,1
827,Psychic Violence,Here Comes A Big Black Cloud!!,Here Comes A Big Black Cloud!!,217,Rock,2008-01-01,Single Tracks,4
839,Just Like A Rose,Heroin UK,Heroin UK,257,Rock,2009-01-12,Album,11
842,Baby,Heroin UK,Heroin UK,175,Rock,2009-01-12,Album,11
847,Rendered,Holzkopf,Little Fury Things Sampler [V/A],1005,Pop,2008-01-01,Album,3
851,Six Realms,Human Host,Exploding Demon,269,Rock,2006-02-01,Album,3
876,Acidiscipline,Illusion of Safety,unreleased Illusion of Safety mp3s,185,Electronic,2009-01-08,Single Tracks,13
880,Gravelvoice one,Illusion of Safety,unreleased new recordings 2008,489,Electronic,2009-01-12,Single Tracks,2
1021,IIB: Exponential,Kyle Bruckmann,Gasps &amp; Fissures,503,Jazz,2009-01-07,Album,2
1023,Despite All Evidence to the Contrary,Kyle Bruckmann's Wrack,Intents &amp; Purposes,409,Jazz,2009-01-09,Album,2
1090,silver series (MDG remix),Mahjongg,Machinegong EP,252,Electronic,2003-01-20,Album,7
1091,turf war (on a global scale),Mahjongg,Machinegong EP,296,Electronic,2003-01-20,Album,7
1119,Steppin Fetchit Again,Mike Rep and the Quotas,A Tree Stump Named Desire,182,Rock,2009-01-16,Album,2
1122,For All These Mice,Mincemeat or Tenspeed,Deathbomb Arc Tape Club Year 3 Sept,584,Electronic,2009-01-14,Album,1
1125,Sensual Pleasure,Mink Lungs,Secrets Between Friends,114,Rock,2009-01-14,Album,3
1145,Since Before Inertia,Minmae,Since Before Inertia,356,Rock,2009-01-14,Album,11
1282,asteroids collide Track 2,Newagehillbilly,IV: White Walls,204,Rock,2009-01-15,Album,14
1295,Deal Fuzzong,Newagehillbilly,IV: White Walls,73,Rock,2009-01-15,Album,14
1307,Bru Ha Ha,Nicky Andrews,Realistic Psychosis,225,Electronic,1995-01-01,Album,15
1333,Lucidity,Nicky Andrews,Blissful Lethargy,240,Electronic,2000-01-01,Album,10
1367,Oh That Time,Olneyville Sound System,On Safari,157,Rock,1999-01-01,Live Performance,17
1371,The Collector,Olneyville Sound System,On Safari,212,Rock,1999-01-01,Live Performance,17
1375,Open Wide,Olneyville Sound System,On Safari,158,Rock,1999-01-01,Live Performance,17
1424,Caged Firetheme,Plastic Crimewave Sound,Flashing Open,437,Rock,2003-01-02,Album,2
1426,Blistering Black,Plastic Crimewave Sound,Netscape Mission Control (UNIX),214,Rock,2009-01-02,Album,1
1433,Pearly Gates pt1,Pleasurehorse,"Purly Gait / Pearly Gates 12""",452,Electronic,2000-01-01,Album,3
1478,Gold Bond,Qulfus,Enos,239,Electronic,2008-01-01,Album,3
1484,Feeder,Rainbro,Vectors,87,Electronic,2009-01-16,Album,6
1599,Hamburgini,Six Star General,Already On One,215,Rock,2009-01-22,Album,10
1610,St Patrick,Six Star General,Already On One,159,Rock,2009-01-22,Album,10
1637,Yam Granules Over Reduced Yam Granules,Snacks,Natural Snacks,46,Electronic,2006-01-01,Album,7
1640,Mother,Snacks,Natural Snacks,210,Electronic,2006-01-01,Album,7
1644,Outskirts,So Cow,Wackity Schmackity Doo,146,Pop,2008-01-01,Album,13
1645,High Standards,So Cow,Wackity Schmackity Doo,55,Pop,2008-01-01,Album,13
1659,Arse Above Tit,So Cow,Wackity Schmackity Doo,117,Pop,2008-01-01,Album,13
1685,Eni Wana Damu,The Sounds of Taraab,"Zanzibar, New York",308,International,2009-01-23,Album,10
1691,I Pod,Sparrow Steeple,Rangefinder,140,Pop,2009-01-23,Single Tracks,3
1697,Out of Sky,Speechless Brothers,Speechless Brothers,427,Rock,2009-01-23,Album,4
1743,Thurston Moore Sed,The Lindsay*,New Stuff demo cd-r,206,Rock,2008-04-01,Single Tracks,0
1781,Selective Memory,The Functional Blackouts,"Electrorock 7""",132,Rock,2009-01-09,Album,1
1790,She's Blonde She Matches,Glove Compartment,The Hidden Woman,73,Rock,2005-11-04,Album,13
1803,Why Not More?,Glove Compartment,New Numbers,202,Rock,2005-01-01,Album,16
1825,Finally We Have No Hair,Glove Compartment,New Numbers,89,Rock,2005-01-01,Album,16
1831,Sgt. Sunshine & You,Glove Compartment,The Glove Compartment,160,Rock,1999-11-26,Album,24
1863,The Pattern Dome,The Tleilaxu Music Machine,A Flow of Code,272,Electronic,2009-01-22,Album,13
1872,Fear Stunts Progress,The Tleilaxu Music Machine,A Flow of Code,333,Electronic,2009-01-22,Album,13
1888,Kingsmeat,Thee Oh Sees,Peanut Butter Oven EP,328,Rock,2009-01-15,Album,4
1895,Village Idiot,Tommy Jay,Tommy Jay's Tall Tales Of Trauma,163,Folk,2008-12-31,Album,5
1898,Downtown,Mors Ontologica,Telemetric Action EP,210,Rock,2009-01-14,Album,5
2069,stop standing still,caUSE co-MOTION,Zing Magazine Compilation #4,108,Rock,2009-01-07,Album,1
3357,Caught In a Crosswalk,The Baskervilles,Live at WFMU on Evan Davies's Show on 5/22/2007,148,Pop,2007-05-22,Live Performance,0
3365,Blackwaterside,Benjamin Wetherill,Live at WFMU on Irene Trudel's Show on 7/28/2008,267,Folk,2008-07-28,Radio Program,4
3386,Luck 45,Blanketship,Live at WFMU on Liz Berg's Show on 6/25/2007,255,Electronic,2007-06-25,Radio Program,1
3424,Interview,Brother JT,Live at WFMU on Brian Turner's Show on 5/14/2002,194,Blues,2002-05-14,Radio Program,0
3427,Bittersweet,Brother JT,Live at WFMU on Brian Turner's Show on 5/14/2002,227,Blues,2002-05-14,Radio Program,0
3429,Had To Be,Brother JT,Live at WFMU on Brian Turner's Show on 5/14/2002,298,Blues,2002-05-14,Radio Program,0
3444,Hypocrite Shoes,Brother JT,Live at WFMU on Brian Turner's Show on 5/14/2002,402,Blues,2002-05-14,Radio Program,0
3504,Black Baby,Clockcleaner,Live at WFMU on Brian Turner's Show on 12/12/2006,351,Rock,2006-12-12,Radio Program,5
3558,Goose On The Loose Pt II,Dan Deacon,Live at WFMU on OCDJ's Show on 7/23/2003,345,Electronic,2003-07-23,Radio Program,20
3622,High and Dry,Fallen Leaves,Live at WFMU on Evan Davies's Show on 9/16/2008,151,Rock,2008-09-16,Live Performance,14
3636,National Jamthum,Foot Village,Live at WFMU on Marty McSorley's Show,290,Rock,2008-05-26,Radio Program,0
3654,Forgotten Lovers,Gary Wilson,Live at WFMU on Scott Williams Show on 5/17/2002,223,Rock,2002-05-17,Radio Program,0
3752,King Of Sex,Killdozer,"Live on WFMU's Brian Turner Show, Election Day 2008",216,Rock,2008-11-04,Radio Program,0
3758,Gates Of Heaven,Killdozer,"Live on WFMU's Brian Turner Show, Election Day 2008",249,Rock,2008-11-04,Radio Program,0
3819,Halfway Houseboat,Leather Uppers,Live at WFMU on The Cherry Blossom Clinic 2/18/2006,95,Rock,2006-02-16,Live Performance,15
3837,Track 05,Lightning Bolt,Live at WFMU on Brian Turner's Show on 2/27/2001,1064,Rock,2001-02-27,Radio Program,8
3854,Mother,Los Fancy Free,Live at WFMU on Liz B's Show on 7/14/2008,316,Rock,2008-07-14,Radio Program,15
3869,Hoodlums,Loto Ball Show,Live at WFMU on Diane's Show 7/3/2008,256,Rock,2009-01-14,Radio Program,0
3875,Loto Ball Show,Loto Ball Show,Live at WFMU on Diane's Show 7/3/2008,371,Rock,2009-01-14,Radio Program,0
3911,Dust Devils,Michael Chapman,Live at WFMU on Irene Trudel's Show on 10/13/2008,158,Folk,2008-10-13,Live Performance,6
3932,Synthesizer Baby,Mink Lungs,Live at WFMU on Scott's Show on 11/9/2001,142,Rock,2001-11-09,Radio Program,13
4017,New Roots,Nalle,Live at WFMU on Irene Trudel's Show on 3/31/2008,403,Folk,2008-03-31,Radio Program,5
4083,Decadent Streak,Plastic Crimewave Sound,Live at WFMU on Rob L's Show on 12/12/2003,247,Rock,2003-12-12,Radio Program,9
4108,New Wave Hippies,Psychedelic Horseshit,Live at WFMU on Brian Turner's Show on 12/18/2007,132,Rock,2007-12-18,Radio Program,13
4116,Backwards Organ,Quintron,Live at WFMU on Stork's Show on 12/24/1995,203,Rock,1995-12-24,Radio Program,7
4128,Plunder & Pillage & Vandalize,Razor Bois,Razor Bois Live at WFMU on Pat Duncan's Show on 6/12/2008,82,Rock,2009-01-05,Live Performance,11
4156,Care-a-lot,Roxy Pain,Live at WFMU on Terre T's Show on 1/14/2006,129,Rock,2006-01-14,Live Performance,9
4158,Middle East,Roxy Pain,Live at WFMU on Terre T's Show on 1/14/2006,415,Rock,2006-01-14,Live Performance,9
4197,A Story Over There,Sic Alps,Live at WFMU on Brian Turner's Show on 11/6/2007,87,Rock,2007-11-06,Radio Program,11
4270,The Song We Play Before We Break,SUX,Live at WFMU on Pat Duncan's Show on 4/25/2008,256,Rock,2008-04-25,Radio Program,14
4331,Emilia Brurrows,The Embrooks,Live at WFMU on Terre T's Show on 9/20/2003,244,Rock,2003-09-19,Live Performance,7
4367,Two,Means,Live at WFMU on Cherry Blossom Clinic with Terre T's Show on 11/15/2002,180,Rock,2002-11-15,Live Performance,12
4374,Full Live Set,Means,Live at WFMU on Cherry Blossom Clinic with Terre T's Show on 11/15/2002,2422,Rock,2002-11-15,Live Performance,12
4400,Kissing and Touching the Void Hem of the Cloth/Fuck Syngenta,The Rebel,Live at WFMU on Brian Turner's Show on 3/25/2008,395,Rock,2008-03-25,Radio Program,12
4402,"Kneel, Mulholland: Drive!",The Rebel,Live at WFMU on Brian Turner's Show on 3/25/2008,201,Rock,2008-03-25,Radio Program,12
4403,Iran's Nuclear Threat,The Rebel,Live at WFMU on Brian Turner's Show on 3/25/2008,239,Rock,2008-03-25,Radio Program,12
4412,Suddenly,The Spunk Lads,Live at WFMU on Kurt Gottschalk's Show on 11/20/2008,121,Rock,2008-11-20,Radio Program,19
4434,Committee for Immortalization,The Tokeleys,Live at WFMU on Terre T's Show on 1/24/2004,205,Rock,2004-01-24,Live Performance,9
4437,Bundle Mummies,The Tokeleys,Live at WFMU on Terre T's Show on 1/24/2004,309,Rock,2004-01-24,Live Performance,9
4444,The Red Castle,Twi the Humble Feather,Live at WFMU on Bethany Ryker's Show on 10/5/2008,585,Folk,2008-10-05,Radio Program,12
4447,Interview 1,Twi the Humble Feather,Live at WFMU on Bethany Ryker's Show on 10/5/2008,368,Folk,2008-10-05,Radio Program,12
4450,Adventures of Castle One,Twi the Humble Feather,Live at WFMU on Bethany Ryker's Show on 10/5/2008,241,Folk,2008-10-05,Radio Program,12
4463,Black Hole,Urinals,Live at WFMU on Terre T's Show on 10/18/2008,91,Rock,2008-10-17,Live Performance,9
4486,Swine,Voice or No Voice,Voice or No Voice Live at WFMU on Pat Duncan's Show on 6/12/2008,77,Rock,2008-06-12,Live Performance,10
4498,Realming,We Are the Arm,Live at WFMU on Liz Berg's Show on 11/5/2007,311,Rock,2007-11-05,Radio Program,6
4539,Lost Love,Wildbirds and Peacedrums,Live at WFMU on Trouble's Show on 6/19/2008,233,Blues,2008-06-19,Live Performance,5
4687,Koner,Dälek,Live at WFMU on Mike's Show on 9/25/2004,249,Hip-Hop,2004-09-25,Radio Program,7
4688,Culture for Dollars,Dälek,Live at WFMU on Mike's Show on 9/25/2004,376,Hip-Hop,2004-09-25,Radio Program,7
4698,Arms Saloon,Dan Deacon,Twacky Cats,360,Electronic,2004-03-29,Album,5
4700,Connor Kizer with Bead Jewelery,Dan Deacon,Twacky Cats,247,Electronic,2004-03-29,Album,5
4702,Ohio (demostration version),Dan Deacon,Twacky Cats,182,Electronic,2004-03-29,Album,5
4763,Nice Cuffs,Citay,"Citay Live @ WFMU's SXSW Showcase at Spiro's in Austin, TX on 3/14/2008",323,Rock,2008-12-23,Live Performance,5
4789,Think of Me,Mink Lungs,Live at WFMU on Scott's Show on 5/26/2000,163,Rock,2000-05-26,Radio Program,6
5147,Watertower,Uninhabitable Mansions,Live at WFMU on Scott McDowell's Show on 9/10/2008,208,Rock,2008-09-10,Radio Program,8
5159,Christiania,Peter Biedermann,Live at WFMU 5/5/08 on Irene Trudel's show,286,Folk,2008-05-05,Radio Program,7
5166,Attitude Problem,The Bristles,Live at WFMU on Pat Duncan's Show 11/20/08,169,Rock,2009-01-21,Radio Program,9
5171,Cover Up,Peter Biedermann,Live at WFMU 5/5/08 on Irene Trudel's show,199,Folk,2008-05-05,Radio Program,7
5194,Leave it All,caUSE co-MOTION,Live at WFMU on Michael Goodstein's Show on 9/13/2004,86,Pop,2004-09-13,Radio Program,11
5220,That Bitch,Coachwhips,Live at WFMU on Terre T's Show on 6/7/2002,113,Rock,2002-06-07,Live Performance,11
5240,Nervous Habits,The Cute Lepers,Live at WFMU on Evan Davies's Show on 8/19/2008,86,Rock,2008-08-19,Live Performance,11
5280,Flaoting Down,Haale,Live at WFMU on Dan Bodah's Show 12/7/08,392,Rock,2009-01-08,Radio Program,8
5281,Booyeh,Haale,Live at WFMU on Dan Bodah's Show 12/7/08,108,Rock,2009-01-08,Radio Program,8
5376,The Clouds,Mary Halvorson and Jessica Pavone,Live at WFMU on Bethany's Show on 9/10/2006,216,Folk,2006-09-10,Radio Program,8
6360,Sabah Sabah Seyredelim Yaliyi,Orkestra Keyif,Keyif Live on WFMU from the 2009 Golden Festival in NYC,291,International,2009-01-17,Live Performance,1
6374,"""Jaws"" Cacak",Zlatne Uste Balkan Brass Band,Zlatne Uste Balkan Brass Band Live on WFMU from the 2009 Golden Festival in NYC,181,International,2009-01-17,Live Performance,0
6463,Are You the One?,Matt Bauer,Live at WFMU on Irene Trudel's show 6/9/2008,198,Folk,2008-06-09,Album,9
6467,As She Came Out of  the Water,Matt Bauer,Live at WFMU on Irene Trudel's show 6/9/2008,186,Folk,2008-06-09,Album,9
6517,Stars,Sakura Madams,Live at WFMU on Keili's Show 11/28/08,165,Rock,2008-10-28,Radio Program,5
6530,Good Will Forget You,Schocholautte,Live at WFMU on Keili's Show 2/15/09,395,Rock,2009-02-19,Radio Program,13
6605,Bad Weather,Height With Friends,Live at WFMU on Keili's Show 1/25/09,109,Hip-Hop,2009-01-25,Radio Program,9
6655,Passing Lane,Bruce Lenkei,Indolent Perambulation,196,Electronic,2004-06-23,Album,12
6666,Happy Sunday,Bruce Lenkei,Indolent Perambulation,310,Electronic,2004-06-23,Album,12
6772,bagpiper,Dave Public,presents Cousin Mosquito 1999-2003,58,Electronic,2009-02-13,Album,13
6775,Karaoke,Dave Public,presents Cousin Mosquito 1999-2003,101,Electronic,2009-02-13,Album,13
7011,in sleepy electricity,junior85,sleepy,111,Electronic,2009-03-08,Album,22
7123,Letter to Lilli St Cyr/Old Man on the Mountain,P.G. Six,Live at WFMU on Irene Trudel's Show on 6/21/2001,407,Folk,2001-06-21,Radio Program,5
7458,Banter,Brian Jonestown Massacre,"Live on WFMU from ATP NY, 2008",103,Rock,2008-09-19,Live Performance,13
7496,Walk Before Imitate,Homosexuals,"Live at WFMU's SXSW Showcase at Spiro's in Austin, TX on 3/14/2008",202,Rock,2008-03-14,Live Performance,11
7546,Endtroduction and Interview,Antiguo Automata Mexicano,Live at WFMU on Liz Berg's Show on 9/29/2008,550,Electronic,2008-09-29,Radio Program,6
7840,I Told,The Boardlords,Live at WFMU on Pat Duncan's Show on 11/13/2008,140,Rock,2008-11-13,Radio Program,17
8016,I Want To,Mondo Topless,Live at WFMU on Pat Duncan's show 1/15/2009,224,Rock,2009-01-15,Radio Program,11
8022,Useless,Mondo Topless,Live at WFMU on Pat Duncan's show 1/15/2009,254,Rock,2009-01-15,Radio Program,11
8258,After the Soil Falls,Curtis Eller,Live at WFMU on Irene Trudel's show 7/28/08,227,Folk,2008-07-28,Live Performance,6
8451,Skull,Screaming Females,Live at WFMU on Keili's show 3/21/2009,192,Rock,2009-03-22,Radio Program,6
8916,Ya No Ya Wanna,Coachwhips,Peanut Butter &amp; Jelly Live At The Ginger Minge,79,Rock,2005-01-01,Album,3
9188,The Minister's Black Veil,Gunslingers,Live at WFMU/Aquarius SXSW show 3/20/2009,157,Rock,2009-03-20,Album,6
9196,part277 dias,XYX,Live at WFMU/Aquarius SXSW showcase 2009 (XYX),174,Rock,2009-03-20,Live Performance,10
9867,thee alarm,Coachwhips,Bangers Vs. Fuckers,88,Rock,2004-01-01,Album,16
10130,it's a cold summer night,john smorto,Lavori Domestici vol. 2,451,Electronic,2009-03-23,Album,31
10443,Beast (1 Beast),Big Blood,The Grove,164,Folk,2007-01-01,Album,11
10681,Shrining Light,Big Blood,"Space Gallery Jan. 27, 2007 Sahara Club Jan. 28, 2007",285,Folk,2007-01-27,Album,9
10686,Sequins,Big Blood,"Space Gallery Jan. 27, 2007 Sahara Club Jan. 28, 2007",406,Folk,2007-01-27,Album,9
10934,Just One Thing,Farmer's Boulevard,Still Four,114,Rock,2002-06-08,Album,10
10952,That Goodbye,Just Plain Ant,Dig Deep,275,Hip-Hop,2009-02-24,Album,13
11318,Speedballing I,Bronhard/Going/Public,Speedballin EP,680,Electronic,2007-10-01,Album,2
11412,The Real Batman,Kate Ferencz,Live at WFMU on Beastin the Airwaves with Keili 11/30/08,204,Rock,2008-11-30,Radio Program,9
11416,Rainbow Bores (Reprise),Kate Ferencz,Live at WFMU on Beastin the Airwaves with Keili 11/30/08,110,Rock,2008-11-30,Radio Program,9
11507,Past Time,Big Blood,Strange Maine 11.04.06,280,Folk,2006-11-04,Album,7
11612,Tribal Song,Bolmongani,Live at WFMU on Talk's Cheap 4/28/09,236,Rock,2009-04-28,Live Performance,5
11685,Daddy's On The Roof,Matt Keating,Live at WFMU with Irene Trudel 4/20/2009,187,Folk,2009-04-29,Live Performance,5
12059,Brotha-o-Brotha-o-,Big Blood,Already Gone II,189,Folk,2009-05-01,Album,11
12116,hello flaw solsome,junior85,i am leaving home,129,Rock,2009-05-04,Album,5
12183,In The Air (Featuring Brad Oblivion),Just Plain Ant,"netBloc Vol. 18: frais, fresco, frisch, fresh… mmmmmmmmmmm… good",258,Hip-Hop,2008-10-01,Album,12
12378,The Answer Lies,Screenatorium,netBloc Vol. 16: Sweet Sixteen,252,Electronic,2008-07-01,Album,14
12388,Erlost Von Dieser Hoffnung,Trondheim,netBloc Vol. 15: this album won't eat your gas money,196,Electronic,2008-06-01,Album,10
12394,Is It Too Late For Us All?,MUTE,netBloc Vol. 15: this album won't eat your gas money,170,Hip-Hop,2008-06-01,Album,10
12534,Papayobahay,April,netBloc Vol. 13: Color in a world of monochrome,204,Electronic,2008-02-01,Album,10
12554,Caught by the Hard Moonlight,MC Jack in the Box,netBloc Vol. 12: Anaxagoras,193,Rock,2008-01-01,Album,10
12631,Hope feat. Mr. Nnaji - Produced by Portformat,Mishoo the Drumkit,Born in the Land of a Thousand Hills,240,Hip-Hop,2009-01-05,Album,7
13209,E.G.O. (with Intro),El Klan de los DeDeTe,netBloc Vol. 10: Postmodernism is dead. Postmillennialism killed it... sorry Andy :(,215,Hip-Hop,2007-11-01,Album,10
13365,Picasso's Penis,Dorothy's Magic Bag,netBloc Vol. 07: 10 From 200 plus one,185,Electronic,2007-07-01,Album,11
13366,Work Out,Jan von Grafenstein,netBloc Vol. 07: 10 From 200 plus one,208,Electronic,2007-07-01,Album,11
13457,Things Are Not What They Appear/Ashkenaza,Peter Biedermann,Live at WFMU on Irene Trudel's Show 5/11/09,329,Folk,2009-05-11,Album,8
13555,Positive,Baïki,netBloc Vol. 05: The threat at Goliath's feet...,164,Rock,2007-05-01,Album,10
13560,Verfolger,DavidBowman,netBloc Vol. 05: The threat at Goliath's feet...,147,Rock,2007-05-01,Album,10
13732,Permanent Underclass,BIG TreaL,Stimulus EP,266,Hip-Hop,2009-05-05,Album,9
13750,Back on the Map [Radio Edit] (feat. Celph Titled &amp; DutchMassive),Majik Most,You Got Jokes?!,249,Hip-Hop,2007-01-01,Album,1
13834,Dead Letter,Micoland &amp; Holly Bretton,Traverse,326,Electronic,2008-12-23,Album,7
13863,Banter with Marty,Soft Circle,Live at WFMU on Marty McSorley's Show 5/6/09,529,Rock,2009-05-06,Radio Program,6
14051,Freestyle,Yung Nittlz,Live at WFMU on Billy Jam's Show 5/22/09,85,Hip-Hop,2009-05-22,Radio Program,2
14052,"A Whole Lotta Fire, A Whole Lotta Gas",Yung Nittlz,Live at WFMU on Billy Jam's Show 5/22/09,90,Hip-Hop,2009-05-22,Radio Program,2
14059,Requiem,Sandro Marinoni,Ten Little Songs,152,Jazz,2009-05-28,Album,10
14062,Zimbabwe,Sandro Marinoni,Ten Little Songs,166,Jazz,2009-05-28,Album,10
14226,Speaker Breaker,Bobb Bruno,Live at Machine Project on Michael' Goodstein's Show 2/21/09,123,Electronic,2009-02-21,Album,6
14237,Night Lights,Bobb Bruno,Live at Machine Project on Michael' Goodstein's Show 2/21/09,301,Electronic,2009-02-21,Album,6
14251,Gimme A Beer,Sea Monster,Live at WFMU on Pat Duncan's Show 5/14/09,180,Rock,2009-05-14,Radio Program,13
14254,Sons Of The Pioneers,Sea Monster,Live at WFMU on Pat Duncan's Show 5/14/09,357,Rock,2009-05-14,Radio Program,13
14292,Veverica (Live),Zornjak,S ljubavlju,194,Rock,2006-06-06,Album,9
14568,Monkey Dance,Ergo Phizmiz,"Music from ""The House of Dr Faustus""",105,Instrumental,2009-01-01,Album,23
14728,Virtual Sun,pandoras.box,Barriers,346,Rock,2009-06-07,Album,15
14778,Woof Woof,Dan Deacon,Live at Primavera Sound 2009 on WFMU,309,Electronic,2009-05-29,Live Performance,12
15143,Help Yourself,The Years,vosotros presents: the years // mixtape,183,Hip-Hop,2009-01-01,Album,15
15150,Masters Are Made,The Years,vosotros presents: the years // mixtape,93,Hip-Hop,2009-01-01,Album,15
15210,Go Away,Seven,Da Interview EP,175,Hip-Hop,2009-06-17,Album,13
15276,The End of The World,Liechtenstein,Live at WFMU's Choking on Cufflinks with Michael Goodstein on 6/06/09,214,Rock,2009-06-06,Live Performance,10
15435,Le Vin,Pierre De Gaillande,Live at WFMU on Irene Trudel's Show 6/4/09,181,Folk,2009-06-08,Album,12
15987,Banlieue Blues,Vernon Lenoir,YAWK!,82,Electronic,2006-03-28,Album,13
16052,underground smarts,staRpauSe,20k9d,639,Electronic,2009-07-07,Album,13
16379,Coax Me,Arthur Collins and Byron G. Harlan,Antique Phonograph Music Program 08/26/2008,140,Old-Time / Historic,2008-08-26,Radio Program,22
16388,Three Rubes Seeing New York,Edison Vaudeville Company,Antique Phonograph Music Program 08/26/2008,128,Old-Time / Historic,2008-08-26,Radio Program,22
16399,Floatin' Down to Cotton Town,American Quartet,Antique Phonograph Music Program 09/09/2008,162,Old-Time / Historic,2008-09-09,Radio Program,10
16400,Anna In Indiana,Arthur Fields,Antique Phonograph Music Program 09/09/2008,156,Old-Time / Historic,2008-09-09,Radio Program,10
16584,Big Fizog,Gorowski,Summer 2005,398,Electronic,2005-09-11,Album,13
16588,I'll send you some,Gorowski,Summer 2005,329,Electronic,2005-09-11,Album,13
16590,GCP,Gorowski,Summer 2005,241,Electronic,2005-09-11,Album,13
17368,Mount of Olives,Zack Kouns,I lift my hands against the gods,256,Rock,2009-07-25,Album,11
17377,The Holy Text,Zack Kouns,I lift my hands against the gods,257,Rock,2009-07-25,Album,11
17496,Scary Thoughts + Scary Dreams,Formula,The Overcast Project,319,Hip-Hop,2009-07-28,Album,13
17576,Treasure of the Arabian Nights,The Pink Noise,Live at WFMU on Brian Turner's Show 7/28/09,166,Rock,2009-07-28,Radio Program,5
17589,Pinnochio,Future Islands,Live at WFMU on Marty McSorley's Show on 8/20/2008,178,Electronic,2008-08-20,Radio Program,6
17590,The Happiness Of Being Twice,Future Islands,Live at WFMU on Marty McSorley's Show on 8/20/2008,186,Electronic,2008-08-20,Radio Program,6
17591,Little Dreamers,Future Islands,Live at WFMU on Marty McSorley's Show on 8/20/2008,210,Electronic,2008-08-20,Radio Program,6
17603,Bad Form/American Cream,Wooden Wand,Born Bad,157,Rock,2009-01-01,Album,3
17667,Circe,Betelgeuse,Izvorni Kod,293,Electronic,2009-08-03,Album,4
17945,Last of the Frontiersmen,Dark Meat,Live at WFMU on Liz Berg's Show 8/10/09,363,Rock,2009-08-10,Radio Program,7
17949,When the Shelter Come,Dark Meat,Live at WFMU on Liz Berg's Show 8/10/09,251,Rock,2009-08-10,Radio Program,7
17993,Mandy Lee,George Gaskin,Antique Phonograph Music Program 01/13/2009,146,Old-Time / Historic,2009-01-13,Album,13
18000,Coaxing the Piano,Zez Confrey,Antique Phonograph Music Program 01/27/2009,181,Old-Time / Historic,2009-01-27,Album,11
18087,Get Off The Playground PRINCE PO & D STRONG,Advantage Music Group,Chapter 2: Street Soul,222,Hip-Hop,2009-08-18,Album,23
18214,Inhale,Luck & Ripps,The Catastrophic Connection,144,Hip-Hop,2009-08-25,Album,15
18215,HalfLife,Luck & Ripps,The Catastrophic Connection,147,Hip-Hop,2009-08-25,Album,15
18417,New Song,The Back C.C.'s,Live at WFMU on Music to Spazz By 8/27/2009,133,Rock,2009-08-27,Radio Program,8
18442,Surrounded By Shadows,Buzzer,Live at WFMU on Cherry Blossom Clinic 8/22/2009,175,Rock,2009-08-22,Radio Program,5
18759,Exploding Head Disease,Saskrotch,Exploding Head Disease,253,Electronic,2009-05-09,Album,6
19262,The Air Up There - ambient (gameboy Korg DS10),Receptors,groKwork,209,Electronic,2008-09-30,Album,11
19268,grokwerk stomp,Receptors,groKwork,149,Electronic,2008-09-30,Album,11
19269,groKwork 10 (gameboy Korg DS10),Receptors,groKwork,197,Electronic,2008-09-30,Album,11
19497,The Foyer,The Snails,The Snails on The Outside World,245,Rock,2009-08-01,Album,17
19657,Fiend,TV Ghost,Live on Brian Turner's Show on 10/13/09,157,Rock,2009-10-13,Radio Program,9
19658,Recluse,TV Ghost,Live on Brian Turner's Show on 10/13/09,138,Rock,2009-10-13,Radio Program,9
19760,Fish in the Sea,Dirty Mittens,Dirty Mittens Live at PDX Pop Now! '09,403,Pop,2009-07-26,Live Performance,4
19784,jung fdpler abschlagen in der 10 uhr-pause,The Hardliner,something like bitter-bitter symphony,183,Electronic,2006-08-18,Album,7
19787,ich nehme mich ernst,The Hardliner,something like bitter-bitter symphony,185,Electronic,2006-08-18,Album,7
19788,camp value vs marketable qualities,The Hardliner,something like bitter-bitter symphony,194,Electronic,2006-08-18,Album,7
20024,Just Once,The Minor Thirds,Phoning It In 07/20/05,250,Folk,2005-07-20,Radio Program,9
20050,Let's Go Down,Family Of The Year,Thank You,229,Rock,2009-10-13,Album,10
20247,Riot Gear (Featuring RM of Deadly Combo & E. Feung Shui),CM aka Creative,Classic Material Vol. 3: UI Radio,255,Hip-Hop,2009-10-27,Album,17
20345,All in My Head,Lover!,"Live at WFMU on Cherry Blossom Clinic with Terre T, Halloween 2009",178,Rock,2009-10-29,Radio Program,9
20361,Penguin,Ergo Phizmiz,"Outtakes from ""The Snow Flea""",114,Instrumental,2009-11-03,Album,16
20365,Transformer,Ergo Phizmiz,"Outtakes from ""The Snow Flea""",101,Instrumental,2009-11-03,Album,16
20445,It's Hip,Animals & Men,Convulsive ep,91,Rock,2009-07-01,Album,6
20927,The Rising Tide,Wild Carnation,Live on Three Chord Monte with Joe Belock on WFMU 11/3/2009,260,Rock,2009-11-03,Radio Program,7
21009,Brand New Cadillac (Vocals by Gabi Lima),Retrigger,Ornitorrinco Voador,141,Electronic,2009-01-01,Album,11
21078,Black and White,De Cylinders,Live at WFMU on Cherry Blossom Clinic with Terre T on 11/14/09,117,Rock,2009-11-14,Radio Program,6
21186,Tattoo,Grass Widow,Live on Nat Roe's show on WFMU 11/7/2009,143,Rock,2009-11-07,Radio Program,10
21187,Uncertain Memory,Grass Widow,Live on Nat Roe's show on WFMU 11/7/2009,218,Rock,2009-11-07,Radio Program,10
21366,Opsigon,Bakers At Dawn,You Must Hide Your Love Forever,138,Folk,2009-10-15,Album,15
21367,Mesmophone,Bakers At Dawn,You Must Hide Your Love Forever,155,Folk,2009-10-15,Album,15
21372,Lester,Bakers At Dawn,You Must Hide Your Love Forever,150,Folk,2009-10-15,Album,15
21423,Birds Dazed And Confused,Terminal 11,Summer,191,Electronic,2008-05-18,Album,14
21522,Shacked Up In Yr Egyptian Tomb,The Axemen,Live at WFMU on Brian Turner's show 11/24/2009,248,Rock,2009-11-24,Radio Program,15
21927,I Am Glad That Things Happen,Dorian Concept,Seek When Is Her,209,Electronic,2006-01-12,Album,8
21930,Define Soft,Dorian Concept,Seek When Is Her,252,Electronic,2006-01-12,Album,8
22021,Play Ground Remix,Syem,Battle ep,221,Hip-Hop,2008-03-24,Album,11
22024,Yesterday Remix,U-1 a.k.a DJ Sounguage,Battle ep,256,Hip-Hop,2008-03-24,Album,11
22094,I Remember When,Gates,netBloc Vol. 25: From Darkness Cometh The Light,256,Hip-Hop,2009-11-25,Album,17
22241,Electric Dragon Sword,Tonstartssbandht,"Live on WFMU's Talk's Cheap Dec 15, 2009",198,Rock,2009-12-10,Radio Program,8
22295,Sorry,Comfort Fit,Forget And Remember,200,Hip-Hop,2004-01-01,Album,22
22368,Hello to Everybody/Honey,The Sights,Live on WFMU's Three Chord Monte 12/8/2009,359,Rock,2009-12-06,Radio Program,5
22437,Pocket Monster,Henry Homesweet,Pocket Monster,129,Electronic,2008-04-14,Album,6
22599,6th Sense,Farmer's Boulevard,Red Carpet,219,Rock,2006-04-13,Album,11
23038,Pressure,Christophe Marc,netBloc Vol. 26: N.E.T.A.U.D.I.O.,213,Electronic,2010-01-05,Album,11
23077,Whiskers,BLOB,Halloween,281,Jazz,2008-02-09,Album,13
23142,Under a dark garment,Lee Maddeford,An Astral Fable,346,Classical,2003-11-24,Album,9
23147,Con nostalgia ma non troppo,Lee Maddeford,An Astral Fable,307,Classical,2003-11-24,Album,9
23150,BAM,Lee Maddeford,The Jugglers Suite,149,Classical,2003-12-10,Album,3
23259,"Side A, Track 3",NASA,Bummer Daze,253,Rock,2008-01-28,Album,6
23448,Loading,Tom Woxom,Kickstart,112,Electronic,2009-01-22,Album,14
23456,Kickstart,Tom Woxom,Kickstart,293,Electronic,2009-01-22,Album,14
23509,Technicolor Diffidence,Pierlo,Saturday Night Sleeper,104,Electronic,2007-06-10,Album,10
23519,Apocalyptic Samurai Drift Break,Vernon Lenoir,Bataille And The Bird,54,Electronic,2007-04-01,Album,22
23556,Perkhof,Les Baudouins Morts,Le Disque d'Or des Baudouins Morts,101,Rock,2010-01-13,Album,15
23559,Mol Jean-Pol,Les Baudouins Morts,Le Disque d'Or des Baudouins Morts,72,Rock,2010-01-13,Album,15
23560,La Marche Des B.M.,Les Baudouins Morts,Le Disque d'Or des Baudouins Morts,119,Rock,2010-01-13,Album,15
23668,Drive Fucked Up,Rot Shit,"Live and Censored on WFMU's Cherry Blossom Clinic, 1/9/2009",55,Rock,2010-01-06,Radio Program,26
23820,Select A,Mini Roc,Miniland,242,Electronic,2007-10-21,Album,11
23859,Spill,Goto80,Digi-Dig,176,Electronic,2006-12-11,Album,10
23981,Ilove you,uiutna,bambada,148,Electronic,2009-12-25,Album,7
24104,Hay Que Luchar,Adelit@s,Un Solo Grito EP,218,Rock,2008-12-01,Album,4
24460,8 Days (Featuring Erin Nicole),ETHX,Boom To Bloom,201,Hip-Hop,2010-01-26,Album,11
25143,The Ghost of the Saxophone,Collins and Harlan,Antique Phonograph Music Program 12/29/2009,181,Old-Time / Historic,2009-12-29,Album,29
25148,Dublin Daisies,'Gene Green,Antique Phonograph Music Program 12/29/2009,127,Old-Time / Historic,2009-12-29,Album,29
25363,Brand Nu Snowjoggers,Zinger,iHyper,124,Electronic,2004-09-01,Album,31
25388,VKM does morales...?,VKM,iHyper,148,Electronic,2004-09-01,Album,31
26237,Kirsty Cooper,The Yummy Fur,Live at WFMU on Terre T's Show 02/20/2010,132,Rock,2010-02-20,Radio Program,10
26532,Piano & Melodica,Roman Stolyar & Ilia Belorukov,Live in Vilnius,431,Jazz,2010-03-02,Album,6
26533,Duo,Roman Stolyar & Ilia Belorukov,Live in Vilnius,688,Jazz,2010-03-02,Album,6
27136,hihohu,Tep,Pataques,213,Electronic,2008-12-31,Album,10
27138,Fitje-Fetjeries,Tep,Pataques,179,Electronic,2008-12-31,Album,10
27155,Drug Buddies,Dino Felipe,Personality Crisis,256,Electronic,2008-01-01,Album,9
27229,Cenami il Cefaloo,Sakee Sed,Alle basi della roncola,224,Rock,2010-03-14,Album,14
27232,Honky Thonky Thonk,Sakee Sed,Alle basi della roncola,165,Rock,2010-03-14,Album,14
27273,Elpossible 5,HCI,DC03,352,Jazz,2006-01-01,Album,14
27276,Elpossible III,HCI,DC03,242,Jazz,2006-01-01,Album,14
27423,Grandeur of Delusion,Hue Blanc's Joyless Ones,Arriere-Garde LP,242,Rock,2010-10-30,Album,12
27430,The Ballad of Solaf Sar,Hue Blanc's Joyless Ones,Arriere-Garde LP,209,Rock,2010-10-30,Album,12
27571,Mob,Pocketmaster,Residue,205,Electronic,2010-03-22,Album,12
27572,Play The Game,Pocketmaster,Residue,174,Electronic,2010-03-22,Album,12
28119,"Alkan, 3me Suite, Op 31, 23 Assez vite",Felipe Sarro,"Alkan 25 Preludes, Alleluia",100,Classical,2008-04-09,Album,33
28196,Wolfram #2,Kraus,Lamentations of an Ape,117,Rock,2005-05-01,Album,11
28594,The Dark Side Of Frigiliana,Breuss Arrizabalaga Quintet,Nfamoudou-Boudougou,150,Jazz,2003-07-19,Live Performance,13
28595,Tsurugi,Breuss Arrizabalaga Quintet,Nfamoudou-Boudougou,293,Jazz,2003-07-19,Live Performance,13
28811,Kidz and Gulls,MYTY KONKEROR,Vastare/Kidz and Gulls single,237,Rock,2010-03-26,Album,3
29271,Discount Store,Dan Bryk,netBloc Vol. 28: Why You Get A Record Deal?,260,Pop,2010-04-27,Album,12
29860,Bite Your Tongue,Big Troubles,"Live at WFMU on Talk's Cheap, May 11th 2010",188,Rock,2010-05-11,Radio Program,8
29933,Curse the Ages,Iron Man,"Live at WFMU on Diane's Kamikaze Fun Machine, Feb 4th 2010",370,Rock,2010-02-04,Radio Program,9
29934,Black Night,Iron Man,"Live at WFMU on Diane's Kamikaze Fun Machine, Feb 4th 2010",283,Rock,2010-02-04,Radio Program,9
29940,Judas,Deal The Villain,The DTV Beat Tape,93,Hip-Hop,2009-11-01,Album,23
29942,Sweet,Deal The Villain,The DTV Beat Tape,189,Hip-Hop,2009-11-01,Album,23
29945,102,Deal The Villain,The DTV Beat Tape,60,Hip-Hop,2009-11-01,Album,23
29957,Faith's Witness,Deal The Villain,The DTV Beat Tape,120,Hip-Hop,2009-11-01,Album,23
30077,Miss Two Knives,X-Breed,Artifacts Vol. 1,204,Rock,1976-01-01,Album,8
30242,Dynasty,St. LaRok,Leap Year EP,101,Hip-Hop,2010-01-05,Album,40
30865,"Imagine of Power, Poolside",Electric Jellyfish,Electric Jellyfish,167,Rock,2010-03-03,Album,2
30904,Appuntamento Al Club,Digi G'Alessio,L'Attentato ai Mondiali,156,Electronic,2010-04-25,Album,13
30927,G.I.R.L.F.R.E.N. (You Know I've Got A),Everybody Was In The French Resistance...Now!,"Live At WFMU on Evan ""Funk"" Davies Show on 05/18/2010",199,Rock,2010-05-18,Album,6
30929,Super Glue,Everybody Was In The French Resistance...Now!,"Live At WFMU on Evan ""Funk"" Davies Show on 05/18/2010",96,Rock,2010-05-18,Album,6
30932,Please Think Twice (It's Not Alright),Everybody Was In The French Resistance...Now!,"Live At WFMU on Evan ""Funk"" Davies Show on 05/18/2010",202,Rock,2010-05-18,Album,6
31462,Torinouta RMX (Original Interpretation by arottenbit),Buskerdroid,The Square Wave Conspiracy,262,Electronic,2010-06-12,Album,8
31809,In There,Off Garde,VA - Just Let Us Be Great,334,Rock,2010-06-22,Album,12
32002,Nectarine,Twin Sister,Vampires with Dreaming Kids,192,Rock,2008-11-07,Album,4
32054,Afrika 23,Michael Wells,Never to be Released?,312,Electronic,2006-04-26,Album,12
32057,Easybeats,Michael Wells,Never to be Released?,324,Electronic,2006-04-26,Album,12
32450,Brill Building,Sic Alps,"Live at Primavera Sound Festival, 05/27/10",182,Rock,2010-05-27,Live Performance,10
32469,Doing The Damn Thing,CM aka Creative,The Classic Material Completion Package XE,260,Hip-Hop,2010-06-29,Album,40
32472,Sweet Dreams,CM aka Creative,The Classic Material Completion Package XE,245,Hip-Hop,2010-06-29,Album,40
32478,Grown & Sexy,CM aka Creative,The Classic Material Completion Package XE,169,Hip-Hop,2010-06-29,Album,40
32489,I Believe (Prison Notes),CM aka Creative,The Classic Material Completion Package XE,270,Hip-Hop,2010-06-29,Album,40
32511,Solstice (Cixxx J Edit),Dubbwune,Terra Firma,362,Electronic,2010-07-07,Album,14
32515,Bremsstrahlung,Sephirot,Terra Firma,255,Electronic,2010-07-07,Album,14
32519,Mannequin Execution,Haemon,Terra Firma,338,Electronic,2010-07-07,Album,14
32874,J-Live - Weather The Storm (Remix),Katrah-Quey,Hearing The Earthtones After,189,Hip-Hop,2009-01-21,Album,10
32901,Le grenelle des grenelles,Jungle is neutral,Revolutionner la vie quotidienne,192,Electronic,2009-02-06,Album,10
33014,Speculation (Alfadeo Remix),Bubble Shield,Astor Bell Anniversary 1,362,Electronic,2010-06-22,Album,22
33041,One Thought Per Second,Asthmaboy,Later Days,256,Rock,2010-07-14,Album,13
33045,Later Days,Asthmaboy,Later Days,124,Rock,2010-07-14,Album,13
33060,No Fear,Rifhes,No Fear EP,422,Electronic,2005-12-22,Album,2
33239,Beginnings,Bogdan,Buzz.RO! 2010 [LCL00],455,Electronic,2010-03-22,Album,31
33533,Slippershell,Kristin Hersh,Crooked Beginnings,303,Rock,2010-07-19,Album,5
33548,Take One (Featuring Joey Ripps),Just Plain Ant,"Rumble, Young Man, Rumble",179,Hip-Hop,2010-07-27,Album,12
33553,Request (Featuring Barcodez and SamSun of Photosynthesizers),Just Plain Ant,"Rumble, Young Man, Rumble",225,Hip-Hop,2010-07-27,Album,12
34346,My Brain Gets In The Way,Another Day On Earth,Another Day On Earth,136,Rock,2010-08-20,Album,17
34355,It's You,Another Day On Earth,Another Day On Earth,163,Rock,2010-08-20,Album,17
34377,Ave Godzilla- Broderick Young,Homemade-LoFi-Psych,HLFP #4 Sound Explosions,150,Rock,2010-08-20,Album,57
34408,Fondu- Nolo,Homemade-LoFi-Psych,HLFP #4 Sound Explosions,166,Rock,2010-08-20,Album,57
34417,Future Home- Wonder Wheel,Homemade-LoFi-Psych,HLFP #4 Sound Explosions,306,Rock,2010-08-20,Album,57
34437,Off To Sleep Arachnid- Bleed Stone,Homemade-LoFi-Psych,HLFP #4 Sound Explosions,375,Rock,2010-08-20,Album,57
34516,Wok The Funk,Gorowski,Sowilo (Double Disc),293,Electronic,2010-08-24,Album,18
34525,Through That Day (Feat. Crepesuzette),Gorowski,Sowilo (Double Disc),350,Electronic,2010-08-24,Album,18
34572,Jim Jones,Party Boys,pleonasm mix,296,Rock,1986-05-18,Album,30
34573,Walk Me down,Party Boys,pleonasm mix,285,Rock,1986-05-18,Album,30
34851,Motorbike (live at ATP-NY '08),Wooden Shjips,Wooden Shjips Live at ATP NY 2008,278,Rock,2008-09-18,Live Performance,5
35454,If I Scream Will You Hate Me?,Zeptosound,Zeptosound,384,Jazz,2010-09-13,Album,12
35468,Wild Eyes (live @ ATP-NY 2010),Vivian Girls,Vivian Girls Live at ATP 2010,141,Rock,2010-09-05,Live Performance,14
35543,It Could Be You,Lorenzo's Music,BAZAR,216,Rock,2008-08-30,Album,20
35548,Doing Time,Garmisch,Garmisch,318,Pop,2010-08-31,Album,10
35550,Glimmer,Garmisch,Garmisch,274,Pop,2010-08-31,Album,10
35552,Courtesy of Steven Wright,Garmisch,Garmisch,167,Pop,2010-08-31,Album,10
36102,Legions (live at ATP-NY 2010),Apse,APSE live at ATP-NY 2010,439,Rock,2010-09-04,Live Performance,4
36400,Poor Old George,Lovely Little Girls,Dilapidated Head & Torso Aggregations,172,Rock,2008-10-01,Album,7
36520,Sharing,Lou Barlow,"Lou Barlow + The Missingmen Live @ WFMU on Cherry Blossom Clinic, Sept. 4th 2010",198,Rock,2010-09-04,Live Performance,14
36652,El Lenguaje,Diploide,La falsa palabra (Split single),230,Hip-Hop,2010-05-27,Album,4
36719,Delightful Darkness,Art Of Empathy,Ekleipsi Net-Label Halloween Compilation,437,Rock,2007-10-22,Album,30
36726,Procession,Comascape,Ekleipsi Net-Label Halloween Compilation,48,Rock,2007-10-22,Album,30
36728,Chairs,CriadCrias,Ekleipsi Net-Label Halloween Compilation,18,Rock,2007-10-22,Album,30
36731,So Wrong,The Light Beyond,Ekleipsi Net-Label Halloween Compilation,278,Rock,2007-10-22,Album,30
37020,The Ribald Genie,Meczûp,Hanging from the Purgatory's Pendulum,488,Electronic,2010-06-03,Album,8
37632,Hell Is For Heroes,Pure Hell,Live on The Cherry Blossom Clinic on WFMU 10/16/2010,252,Rock,2010-10-16,Radio Program,8
37726,Karwan,Bardo Pond,Live at ATP-NY 2010,545,Rock,2010-10-21,Live Performance,7
37731,Limerick,Bardo Pond,Live at ATP-NY 2010,599,Rock,2010-10-21,Live Performance,7
37859,In The Hall Of The Mountain King,The Itchy Creeps,The Itchy Creeps,120,Rock,2010-10-24,Album,2
37962,Do u wanna shake hands?,Peter Sharp,Why not?,252,Electronic,2010-05-24,Album,7
38369,Cuting for the people,Bogdan Marcu,Mashapist Shef Buzz.RO! 2010 [LCLR01],201,Electronic,2010-11-02,Album,4
38622,Clapmosphere,Invacuo,Mark Twain in Japan,214,Rock,2009-01-01,Album,5
38748,Chicken Gun,Bardo Pond,Live at WFMU on Stork's Show on 11/1/1997,521,Rock,1997-11-01,Radio Program,7
38785,"Si Beag Si Mor, Snowy Path",Sláinte,Sláinte,312,International,1997-06-01,Album,11
39554,Myriad Ways,Jonah Dempcy,Syncretic Beliefs,165,Jazz,2010-11-23,Album,7
40024,Hammer Of The Metal Godz,Brian Wilson Shock Treatment,Live on WFMU's Three Chord Monte 11/18/10,262,Rock,2010-11-18,Album,27
40029,The Shining Porpoise,Brian Wilson Shock Treatment,Live on WFMU's Three Chord Monte 11/18/10,258,Rock,2010-11-18,Album,27
40241,Reverse Hymnal,Big Blood,Dark Country Magic,293,Folk,2010-12-01,Album,12
40279,Everywhere You Look,Kingface,"live at Washington DC's 9:30 Club, 1988",403,Rock,2005-09-01,Live Performance,13
40513,valis,Duke Hugh,Beattape Summer 2010,49,Hip-Hop,2010-08-04,Album,18
40523,it's all good,Duke Hugh,Beattape Summer 2010,83,Hip-Hop,2010-08-04,Album,18
40818,MHV - Vapor (original mix),MHV,Vapor Remixes,283,Electronic,2010-10-15,Album,4
40842,Death Proof,Fancy Mike,Fantastique [STOP 2X2 #04],266,Electronic,2010-07-19,Album,4
40948,Sleepy City,Parting Gifts,Live on WFMU's Cherry Blossom Clinic with Terre T. 12/04/10,131,Rock,2010-12-04,Live Performance,12
40951,Staring,Parting Gifts,Live on WFMU's Cherry Blossom Clinic with Terre T. 12/04/10,167,Rock,2010-12-04,Live Performance,12
41209,Voices (Live at WFMU),Purling Hiss,"Live at WFMU on Brian Turner's show Dec. 21, 2010",233,Rock,2010-12-21,Album,6
41569,Going to the City of Emeralds,Francesco Lettera,Absolute Balance,167,Classical,2008-01-29,Album,19
41578,Purple Lights Reprise,Container (Dharmasound),Absolute Balance,192,Electronic,2008-01-29,Album,19
41807,Burn,Coffin Cadillac,Indonesian Netlabel Compilation (Riot In The Internet),249,Rock,2011-01-01,Album,10
41811,Berlin,Papa Onta Cult,Indonesian Netlabel Compilation (Riot In The Internet),331,Rock,2011-01-01,Album,10
42044,NanowaR,NanowaR Of Steel,"netBloc Vol. 31: Goodbye, Hello",245,Rock,2010-12-28,Album,12
42377,Night Owl,Broke For Free,Directionless EP,194,Electronic,2011-01-18,Album,6
42533,Aphonia,Starring,"Starring - Live @ WFMU with Marty McSorley, Jan. 18 2011",280,Rock,2011-01-18,Radio Program,9
42656,Join the Bahamas,Gino Pertot,Jew Nails,207,Folk,2010-06-01,Album,12
43795,I Got My Bandana,Die Rotzz,Die Rotzz on The Cherry Blossom Clinic with Terre T. 2/7/04,67,Rock,2004-02-07,Live Performance,8
44093,Beach Biscuit,µB,Mario in an Elevator,184,Electronic,2010-09-17,Album,7
44241,For The Minute (Featuring Bliss-One),Joey Ripps,"Son Of 1,000 Pardons",250,Hip-Hop,2011-02-01,Album,15
44279,Healer,Hull,"NYC Sucks, Volume 2",309,Rock,2011-02-22,Album,13
44280,Song 6,The Austerity Program,"NYC Sucks, Volume 2",461,Rock,2011-02-22,Album,13
44281,Dawn Of No Light,Defeatist,"NYC Sucks, Volume 2",101,Rock,2011-02-22,Album,13
44475,A3 Fort Carl's  Jr,Human Resources,Megabucks,306,Electronic,2010-11-09,Album,15
44485,B6 Three Steps to Eliminating,Human Resources,Megabucks,58,Electronic,2010-11-09,Album,15
44821,Otrov,Black Bear Combo,Game of Death,168,International,2009-01-01,Album,4
45019,Usir Para Jagoan,Milisi Kecoa,Kalian Memang Menyedihkan!,57,Rock,2009-01-01,Album,15
45059,"Poslednyaya (Vsyo, Eto Poslednyaya)",I Drug Moy Gruzovik...,Stilizatsiya Poslevkusiya,253,Rock,2011-02-23,Album,6
45140,aenictus,helix nebula,netlabelism.com - Compilation 02/11,88,Electronic,2011-03-10,Album,10
45151,Vychovaj Ma,Burning Boy,"We Call It Skweeast, Vol. 2",201,Electronic,2011-03-10,Album,5
45515,Broken boiler,Plusplus,Evils,235,Folk,2011-03-21,Album,11
45545,In Another Life,Occult Detective Club,Live on WFMU's Three-Chord Monte with Joe Belock 3/17/11,111,Rock,2011-03-17,Live Performance,8
45546,Running From The Red Squad,Occult Detective Club,Live on WFMU's Three-Chord Monte with Joe Belock 3/17/11,138,Rock,2011-03-17,Live Performance,8
46083,Train Song,Federale,DIX: Dead Bees label sampler #10,290,Rock,2011-04-01,Album,19
46084,Drop Your Eyes,The Rusty Bells,DIX: Dead Bees label sampler #10,161,Rock,2011-04-01,Album,19
46086,Floor,Ostrich Tuning,DIX: Dead Bees label sampler #10,306,Rock,2011-04-01,Album,19
46158,slow motion,Earsmack,fall n; rise n+1,285,Electronic,2011-03-21,Album,4
46206,Crown Shell (live at SXSW),Sun Araw,"WFMU/FMA SxSW, March 18th 2011",450,Rock,2011-03-18,Live Performance,3
46735,Come Look For Me,Cavanaugh,netBloc Vol. 32: Make Way For What Lies Ahead,191,Rock,2011-03-22,Album,13
47037,Point of No Return,Albert Beger,The New Albert Beger Quartet: Big Mother,221,Jazz,2011-04-19,Album,6
47075,Ascending,Eric Skiff,Resistor Anthems,192,Electronic,2005-10-28,Album,10
47177,10 sum of evolution,SWERTE AND MADROTTER,The Bandung Dubai Connection,194,Hip-Hop,2011-04-02,Album,15
47178,11 dope spot mix 1,SWERTE AND MADROTTER,The Bandung Dubai Connection,119,Hip-Hop,2011-04-02,Album,15
47179,12 YES,SWERTE AND MADROTTER,The Bandung Dubai Connection,191,Hip-Hop,2011-04-02,Album,15
47390,Dirty Looks,Overnight Lows,"Live @ WFMU on the Three Chord Monte with Joe Belock, April 14th 2011",70,Rock,2011-04-14,Radio Program,13
47665,My Darling Grace,Berlinist,Bad Panda #81,258,Pop,2011-05-09,Album,2
47949,Polysex Deathblog (and) Road to Oslo,Birds of Avalon,Live on Three Chord Monte with Joe Belock on WFMU 051911,603,Rock,2011-05-19,Radio Program,5
48166,Rising,Pinklogik,Inverse EP,255,Electronic,2011-05-16,Album,6
48291,Reformat The Planet,Bit Shifter,BACKUP11 - Platine festival Compilation,192,Electronic,2011-05-31,Album,10
48293,aaf,Goto80,BACKUP11 - Platine festival Compilation,61,Electronic,2011-05-31,Album,10
48606,Full Set Blip Festival 2011,Wet Mango,Blip Festival 2011-Wet Mango,1834,Electronic,2011-06-09,Live Performance,1
48866,Live at Blip Festival 2011,Zen Albatross,Live at Blip Festival 2011,1896,Electronic,2011-06-13,Live Performance,1
49088,Camino a la Nave,Piccola Orchestra Gagarin,Platos Combinados,176,Rock,2010-12-15,Album,24
49096,Rave en el Anillo de Saturno,Piccola Orchestra Gagarin,Platos Combinados,220,Rock,2010-12-15,Album,24
49100,Sara Snow (Live @ WFMU),White Fence,"Live at WFMU on Talk's Cheap, May 5th 2011",257,Rock,2011-05-05,Radio Program,8
49431,Hurricane,Radical Dads,Live at WFMU on Scott McDowell's Show on June 17 2011,308,Rock,2011-06-17,Radio Program,16
49445,You Don't Know Me,Bush Tetras,"Live at WFMU on Marty McSorley's Show on June 21, 2011",176,Rock,2011-06-21,Radio Program,8
49529,lullaby,Riding Alone For Thousands Of Miles,Brick City Ghosts,501,Rock,2011-06-20,Album,9
49534,last 100 days,Riding Alone For Thousands Of Miles,Brick City Ghosts,703,Rock,2011-06-20,Album,9
49814,White Sails (Marching Church Cover),Ice Age,"Live at WFMU on Brian Turner's Show, June 22 2011",112,Rock,2011-06-22,Radio Program,7
49847,Satisfied mind,My Bubba & Mi,How It’s Done In Italy,220,Folk,2011-03-08,Album,12
50071,Mihaly,Os Trasnos De Moscoso,Casa da Joaquina,163,Hip-Hop,2010-12-27,Album,7
50274,Vibration,Flint Hayerr,"Free! Music! Contest! Sampler 2010 ""Sinn""",373,Electronic,2010-09-07,Album,21
50828,Zarobljenički ples,Ljudske Potrebe,Parče života,212,Rock,2010-11-07,Album,12
51333,Afternoon Tea,Boca Chica,ePop016- Boca Chica,228,Folk,2011-04-11,Album,3
51679,Galaxy Train 2999,Milch of Source feat. EeL,2999: Galaxy Train 2999,211,Electronic,2011-12-03,Album,1
51935,Sameness is Way Better Than Differentness!,The Chris Kelsey 4,"Not Cool ( … as in, “The Oppo­site of Paul Desmond”)",756,Jazz,2009-11-16,Album,6
52694,Down At The Store,APB,"Live at WFMU on The Evan ""Funk"" Davies Show, Aug 17th 2011",128,Rock,2011-08-17,Radio Program,6
53347,Do The Maneuver,Ed Schrader's Music Beat,Live at WFMU on Talk's Cheap Aug 25th 2011,138,Rock,2011-08-25,Radio Program,18
